"Date Published 9/9/26 | League Format: .5 PPR - 1 QB, 2 RB, 3 WR, 1 TE, 1 FLEX | ADP refreshed 9/9/26 from Yahoo, DraftKings, Underdog and NFC/NFFC | Yahoo WR ADP normalized by positional tier from its 2-WR room to the 3-WR format before averaging",,,,,,,,,,,,,
,RANK,Player,GSIS ID,Team,POS,ADP,Value,Pos Rank,Proj Pts,Roster Status,Change Notes,ADP Updated,Sources
,1,Ja'Marr Chase,00-0036900,CIN,WR,2.8,$51.27,1,20.84,Active,,2026-09-09,https://github.com/nflverse/nflverse-data/releases/download/rosters/roster_2026.csv | https://github.com/nflverse/nflverse-data/releases/download/players/players.csv | https://hashtagfootball.com/fantasy-football-adp-yahoo | https://www.nbcsports.com/fantasy/football/news/draftkings-2026-best-ball-rankings-jahmyr-gibbs-is-your-new-1-01 | https://www.fftoday.com/rankings/26-adp-half-ppr.html | https://www.footballguys.com/adp?season=2026
,2,Puka Nacua,00-0039075,LAR,WR,4,$49.60,2,20.31,Active,,2026-09-09,https://github.com/nflverse/nflverse-data/releases/download/rosters/roster_2026.csv | https://github.com/nflverse/nflverse-data/releases/download/players/players.csv | https://hashtagfootball.com/fantasy-football-adp-yahoo | https://www.nbcsports.com/fantasy/football/news/draftkings-2026-best-ball-rankings-jahmyr-gibbs-is-your-new-1-01 | https://www.fftoday.com/rankings/26-adp-half-ppr.html | https://www.footballguys.com/adp?season=2026
,3,Amon-Ra St. Brown,00-0036963,DET,WR,6.6,$45.67,3,19.08,Active,,2026-09-09,https://github.com/nflverse/nflverse-data/releases/download/rosters/roster_2026.csv | https://github.com/nflverse/nflverse-data/releases/download/players/players.csv | https://hashtagfootball.com/fantasy-football-adp-yahoo | https://www.nbcsports.com/fantasy/football/news/draftkings-2026-best-ball-rankings-jahmyr-gibbs-is-your-new-1-01 | https://www.fftoday.com/rankings/26-adp-half-ppr.html | https://www.footballguys.com/adp?season=2026
,4,Christian McCaffrey,00-0033280,SF,RB,6.4,$43.07,1,18.88,Active,,2026-09-09,https://github.com/nflverse/nflverse-data/releases/download/rosters/roster_2026.csv | https://github.com/nflverse/nflverse-data/releases/download/players/players.csv | https://hashtagfootball.com/fantasy-football-adp-yahoo | https://www.nbcsports.com/fantasy/football/news/draftkings-2026-best-ball-rankings-jahmyr-gibbs-is-your-new-1-01 | https://www.fftoday.com/rankings/26-adp-half-ppr.html | https://www.footballguys.com/adp?season=2026
,5,Jahmyr Gibbs,00-0039139,DET,RB,1.1,$38.73,2,17.56,Active,,2026-09-09,https://github.com/nflverse/nflverse-data/releases/download/rosters/roster_2026.csv | https://github.com/nflverse/nflverse-data/releases/download/players/players.csv | https://hashtagfootball.com/fantasy-football-adp-yahoo | https://www.nbcsports.com/fantasy/football/news/draftkings-2026-best-ball-rankings-jahmyr-gibbs-is-your-new-1-01 | https://www.fftoday.com/rankings/26-adp-half-ppr.html | https://www.footballguys.com/adp?season=2026
,6,CeeDee Lamb,00-0036358,DAL,WR,10.3,$36.18,4,16.09,Active,,2026-09-09,https://github.com/nflverse/nflverse-data/releases/download/rosters/roster_2026.csv | https://github.com/nflverse/nflverse-data/releases/download/players/players.csv | https://hashtagfootball.com/fantasy-football-adp-yahoo | https://www.nbcsports.com/fantasy/football/news/draftkings-2026-best-ball-rankings-jahmyr-gibbs-is-your-new-1-01 | https://www.fftoday.com/rankings/26-adp-half-ppr.html | https://www.footballguys.com/adp?season=2026
,7,Jaxon Smith-Njigba,00-0038543,SEA,WR,5.3,$34.75,5,15.64,Active,,2026-09-09,https://github.com/nflverse/nflverse-data/releases/download/rosters/roster_2026.csv | https://github.com/nflverse/nflverse-data/releases/download/players/players.csv | https://hashtagfootball.com/fantasy-football-adp-yahoo | https://www.nbcsports.com/fantasy/football/news/draftkings-2026-best-ball-rankings-jahmyr-gibbs-is-your-new-1-01 | https://www.fftoday.com/rankings/26-adp-half-ppr.html | https://www.footballguys.com/adp?season=2026
,8,Jonathan Taylor,00-0036223,IND,RB,7.5,$33.89,3,16.08,Active,,2026-09-09,https://github.com/nflverse/nflverse-data/releases/download/rosters/roster_2026.csv | https://github.com/nflverse/nflverse-data/releases/download/players/players.csv | https://hashtagfootball.com/fantasy-football-adp-yahoo | https://www.nbcsports.com/fantasy/football/news/draftkings-2026-best-ball-rankings-jahmyr-gibbs-is-your-new-1-01 | https://www.fftoday.com/rankings/26-adp-half-ppr.html | https://www.footballguys.com/adp?season=2026
,9,Bijan Robinson,00-0038542,ATL,RB,2,$32.39,4,15.63,Active,,2026-09-09,https://github.com/nflverse/nflverse-data/releases/download/rosters/roster_2026.csv | https://github.com/nflverse/nflverse-data/releases/download/players/players.csv | https://hashtagfootball.com/fantasy-football-adp-yahoo | https://www.nbcsports.com/fantasy/football/news/draftkings-2026-best-ball-rankings-jahmyr-gibbs-is-your-new-1-01 | https://www.fftoday.com/rankings/26-adp-half-ppr.html | https://www.footballguys.com/adp?season=2026
,10,Derrick Henry,00-0032764,BAL,RB,18.2,$32.27,5,15.59,Active,,2026-09-09,https://github.com/nflverse/nflverse-data/releases/download/rosters/roster_2026.csv | https://github.com/nflverse/nflverse-data/releases/download/players/players.csv | https://hashtagfootball.com/fantasy-football-adp-yahoo | https://www.nbcsports.com/fantasy/football/news/draftkings-2026-best-ball-rankings-jahmyr-gibbs-is-your-new-1-01 | https://www.fftoday.com/rankings/26-adp-half-ppr.html | https://www.footballguys.com/adp?season=2026
,11,Ashton Jeanty,00-0040122,LV,RB,16.6,$31.26,6,15.28,Active,,2026-09-09,https://github.com/nflverse/nflverse-data/releases/download/rosters/roster_2026.csv | https://github.com/nflverse/nflverse-data/releases/download/players/players.csv | https://hashtagfootball.com/fantasy-football-adp-yahoo | https://www.nbcsports.com/fantasy/football/news/draftkings-2026-best-ball-rankings-jahmyr-gibbs-is-your-new-1-01 | https://www.fftoday.com/rankings/26-adp-half-ppr.html | https://www.footballguys.com/adp?season=2026
,12,Saquon Barkley,00-0034844,PHI,RB,12.9,$27.45,7,14.12,Active,,2026-09-09,https://github.com/nflverse/nflverse-data/releases/download/rosters/roster_2026.csv | https://github.com/nflverse/nflverse-data/releases/download/players/players.csv | https://hashtagfootball.com/fantasy-football-adp-yahoo | https://www.nbcsports.com/fantasy/football/news/draftkings-2026-best-ball-rankings-jahmyr-gibbs-is-your-new-1-01 | https://www.fftoday.com/rankings/26-adp-half-ppr.html | https://www.footballguys.com/adp?season=2026
,13,Chase Brown,00-0038597,CIN,RB,13.9,$26.78,8,13.92,Active,,2026-09-09,https://github.com/nflverse/nflverse-data/releases/download/rosters/roster_2026.csv | https://github.com/nflverse/nflverse-data/releases/download/players/players.csv | https://hashtagfootball.com/fantasy-football-adp-yahoo | https://www.nbcsports.com/fantasy/football/news/draftkings-2026-best-ball-rankings-jahmyr-gibbs-is-your-new-1-01 | https://www.fftoday.com/rankings/26-adp-half-ppr.html | https://www.footballguys.com/adp?season=2026
,14,Kenneth Walker III,00-0038134,KC,RB,14.1,$26.26,9,13.76,Active,,2026-09-09,https://github.com/nflverse/nflverse-data/releases/download/rosters/roster_2026.csv | https://github.com/nflverse/nflverse-data/releases/download/players/players.csv | https://hashtagfootball.com/fantasy-football-adp-yahoo | https://www.nbcsports.com/fantasy/football/news/draftkings-2026-best-ball-rankings-jahmyr-gibbs-is-your-new-1-01 | https://www.fftoday.com/rankings/26-adp-half-ppr.html
,15,Omarion Hampton,00-0040666,LAC,RB,15.9,$25.93,10,13.66,Active,,2026-09-09,https://github.com/nflverse/nflverse-data/releases/download/rosters/roster_2026.csv | https://github.com/nflverse/nflverse-data/releases/download/players/players.csv | https://hashtagfootball.com/fantasy-football-adp-yahoo | https://www.nbcsports.com/fantasy/football/news/draftkings-2026-best-ball-rankings-jahmyr-gibbs-is-your-new-1-01 | https://www.fftoday.com/rankings/26-adp-half-ppr.html | https://www.footballguys.com/adp?season=2026
,16,Rashee Rice,00-0039067,KC,WR,28.8,$25.82,6,12.83,Active,,2026-09-09,https://github.com/nflverse/nflverse-data/releases/download/rosters/roster_2026.csv | https://github.com/nflverse/nflverse-data/releases/download/players/players.csv | https://hashtagfootball.com/fantasy-football-adp-yahoo | https://www.nbcsports.com/fantasy/football/news/draftkings-2026-best-ball-rankings-jahmyr-gibbs-is-your-new-1-01 | https://www.fftoday.com/rankings/26-adp-half-ppr.html | https://www.footballguys.com/adp?season=2026
,17,Zay Flowers,00-0039064,BAL,WR,33.6,$25.66,7,12.78,Active,,2026-09-09,https://github.com/nflverse/nflverse-data/releases/download/rosters/roster_2026.csv | https://github.com/nflverse/nflverse-data/releases/download/players/players.csv | https://hashtagfootball.com/fantasy-football-adp-yahoo | https://www.nbcsports.com/fantasy/football/news/draftkings-2026-best-ball-rankings-jahmyr-gibbs-is-your-new-1-01 | https://www.fftoday.com/rankings/26-adp-half-ppr.html | https://www.footballguys.com/adp?season=2026
,18,Kyren Williams,00-0037840,LAR,RB,29.7,$25.59,11,13.56,Active,,2026-09-09,https://github.com/nflverse/nflverse-data/releases/download/rosters/roster_2026.csv | https://github.com/nflverse/nflverse-data/releases/download/players/players.csv | https://hashtagfootball.com/fantasy-football-adp-yahoo | https://www.nbcsports.com/fantasy/football/news/draftkings-2026-best-ball-rankings-jahmyr-gibbs-is-your-new-1-01 | https://www.fftoday.com/rankings/26-adp-half-ppr.html | https://www.footballguys.com/adp?season=2026
,19,A.J. Brown,00-0035676,NE,WR,19.5,$25.44,8,12.71,Active,,2026-09-09,https://github.com/nflverse/nflverse-data/releases/download/rosters/roster_2026.csv | https://github.com/nflverse/nflverse-data/releases/download/players/players.csv | https://hashtagfootball.com/fantasy-football-adp-yahoo | https://www.nbcsports.com/fantasy/football/news/draftkings-2026-best-ball-rankings-jahmyr-gibbs-is-your-new-1-01 | https://www.fftoday.com/rankings/26-adp-half-ppr.html | https://www.footballguys.com/adp?season=2026
,20,George Pickens,00-0037247,DAL,WR,22.7,$25.38,9,12.69,Active,,2026-09-09,https://github.com/nflverse/nflverse-data/releases/download/rosters/roster_2026.csv | https://github.com/nflverse/nflverse-data/releases/download/players/players.csv | https://hashtagfootball.com/fantasy-football-adp-yahoo | https://www.nbcsports.com/fantasy/football/news/draftkings-2026-best-ball-rankings-jahmyr-gibbs-is-your-new-1-01 | https://www.fftoday.com/rankings/26-adp-half-ppr.html | https://www.footballguys.com/adp?season=2026
,21,DeVonta Smith,00-0036912,PHI,WR,28.6,$24.26,10,12.34,Active,,2026-09-09,https://github.com/nflverse/nflverse-data/releases/download/rosters/roster_2026.csv | https://github.com/nflverse/nflverse-data/releases/download/players/players.csv | https://hashtagfootball.com/fantasy-football-adp-yahoo | https://www.nbcsports.com/fantasy/football/news/draftkings-2026-best-ball-rankings-jahmyr-gibbs-is-your-new-1-01 | https://www.fftoday.com/rankings/26-adp-half-ppr.html | https://www.footballguys.com/adp?season=2026
,22,James Cook,00-0037248,BUF,RB,9,$23.67,12,12.97,Active,,2026-09-09,https://github.com/nflverse/nflverse-data/releases/download/rosters/roster_2026.csv | https://github.com/nflverse/nflverse-data/releases/download/players/players.csv | https://hashtagfootball.com/fantasy-football-adp-yahoo | https://www.nbcsports.com/fantasy/football/news/draftkings-2026-best-ball-rankings-jahmyr-gibbs-is-your-new-1-01 | https://www.fftoday.com/rankings/26-adp-half-ppr.html | https://www.footballguys.com/adp?season=2026
,23,Javonte Williams,00-0036997,DAL,RB,31.3,$23.54,13,12.93,Active,,2026-09-09,https://github.com/nflverse/nflverse-data/releases/download/rosters/roster_2026.csv | https://github.com/nflverse/nflverse-data/releases/download/players/players.csv | https://hashtagfootball.com/fantasy-football-adp-yahoo | https://www.nbcsports.com/fantasy/football/news/draftkings-2026-best-ball-rankings-jahmyr-gibbs-is-your-new-1-01 | https://www.fftoday.com/rankings/26-adp-half-ppr.html | https://www.footballguys.com/adp?season=2026
,24,De'Von Achane,00-0039040,MIA,RB,16,$22.83,14,12.72,Active,,2026-09-09,https://github.com/nflverse/nflverse-data/releases/download/rosters/roster_2026.csv | https://github.com/nflverse/nflverse-data/releases/download/players/players.csv | https://hashtagfootball.com/fantasy-football-adp-yahoo | https://www.nbcsports.com/fantasy/football/news/draftkings-2026-best-ball-rankings-jahmyr-gibbs-is-your-new-1-01 | https://www.fftoday.com/rankings/26-adp-half-ppr.html | https://www.footballguys.com/adp?season=2026
,25,Cam Skattebo,00-0040715,NYG,RB,44.4,$22.75,15,12.69,Active,,2026-09-09,https://github.com/nflverse/nflverse-data/releases/download/rosters/roster_2026.csv | https://github.com/nflverse/nflverse-data/releases/download/players/players.csv | https://hashtagfootball.com/fantasy-football-adp-yahoo | https://www.nbcsports.com/fantasy/football/news/draftkings-2026-best-ball-rankings-jahmyr-gibbs-is-your-new-1-01 | https://www.fftoday.com/rankings/26-adp-half-ppr.html | https://www.footballguys.com/adp?season=2026
,26,David Montgomery,00-0035685,HOU,RB,48.2,$22.62,16,12.65,Active,,2026-09-09,https://github.com/nflverse/nflverse-data/releases/download/rosters/roster_2026.csv | https://github.com/nflverse/nflverse-data/releases/download/players/players.csv | https://hashtagfootball.com/fantasy-football-adp-yahoo | https://www.nbcsports.com/fantasy/football/news/draftkings-2026-best-ball-rankings-jahmyr-gibbs-is-your-new-1-01 | https://www.fftoday.com/rankings/26-adp-half-ppr.html | https://www.footballguys.com/adp?season=2026
,27,Malik Nabers,00-0039337,NYG,WR,25.3,$22.54,11,11.79,Active,,2026-09-09,https://github.com/nflverse/nflverse-data/releases/download/rosters/roster_2026.csv | https://github.com/nflverse/nflverse-data/releases/download/players/players.csv | https://hashtagfootball.com/fantasy-football-adp-yahoo | https://www.nbcsports.com/fantasy/football/news/draftkings-2026-best-ball-rankings-jahmyr-gibbs-is-your-new-1-01 | https://www.fftoday.com/rankings/26-adp-half-ppr.html | https://www.footballguys.com/adp?season=2026
,28,Justin Jefferson,00-0036322,MIN,WR,11.1,$22.52,12,11.79,Active,,2026-09-09,https://github.com/nflverse/nflverse-data/releases/download/rosters/roster_2026.csv | https://github.com/nflverse/nflverse-data/releases/download/players/players.csv | https://hashtagfootball.com/fantasy-football-adp-yahoo | https://www.nbcsports.com/fantasy/football/news/draftkings-2026-best-ball-rankings-jahmyr-gibbs-is-your-new-1-01 | https://www.fftoday.com/rankings/26-adp-half-ppr.html | https://www.footballguys.com/adp?season=2026
,29,Travis Etienne,00-0036973,NO,RB,39.3,$22.05,17,12.48,Active,,2026-09-09,https://github.com/nflverse/nflverse-data/releases/download/rosters/roster_2026.csv | https://github.com/nflverse/nflverse-data/releases/download/players/players.csv | https://hashtagfootball.com/fantasy-football-adp-yahoo | https://www.nbcsports.com/fantasy/football/news/draftkings-2026-best-ball-rankings-jahmyr-gibbs-is-your-new-1-01 | https://www.fftoday.com/rankings/26-adp-half-ppr.html | https://www.footballguys.com/adp?season=2026
,30,Jeremiyah Love,00-0041027,ARI,RB,30.4,$21.30,18,12.25,Active,,2026-09-09,https://github.com/nflverse/nflverse-data/releases/download/rosters/roster_2026.csv | https://github.com/nflverse/nflverse-data/releases/download/players/players.csv | https://hashtagfootball.com/fantasy-football-adp-yahoo | https://www.nbcsports.com/fantasy/football/news/draftkings-2026-best-ball-rankings-jahmyr-gibbs-is-your-new-1-01 | https://www.fftoday.com/rankings/26-adp-half-ppr.html | https://www.footballguys.com/adp?season=2026
,31,Chris Olave,00-0037239,NO,WR,23.8,$20.94,13,11.29,Active,,2026-09-09,https://github.com/nflverse/nflverse-data/releases/download/rosters/roster_2026.csv | https://github.com/nflverse/nflverse-data/releases/download/players/players.csv | https://hashtagfootball.com/fantasy-football-adp-yahoo | https://www.nbcsports.com/fantasy/football/news/draftkings-2026-best-ball-rankings-jahmyr-gibbs-is-your-new-1-01 | https://www.fftoday.com/rankings/26-adp-half-ppr.html | https://www.footballguys.com/adp?season=2026
,32,Tee Higgins,00-0036410,CIN,WR,34.4,$20.69,14,11.21,Active,,2026-09-09,https://github.com/nflverse/nflverse-data/releases/download/rosters/roster_2026.csv | https://github.com/nflverse/nflverse-data/releases/download/players/players.csv | https://hashtagfootball.com/fantasy-football-adp-yahoo | https://www.nbcsports.com/fantasy/football/news/draftkings-2026-best-ball-rankings-jahmyr-gibbs-is-your-new-1-01 | https://www.fftoday.com/rankings/26-adp-half-ppr.html | https://www.footballguys.com/adp?season=2026
,33,Trey McBride,00-0037744,ARI,TE,27.1,$19.97,1,10.59,Active,,2026-09-09,https://github.com/nflverse/nflverse-data/releases/download/rosters/roster_2026.csv | https://github.com/nflverse/nflverse-data/releases/download/players/players.csv | https://hashtagfootball.com/fantasy-football-adp-yahoo | https://www.nbcsports.com/fantasy/football/news/draftkings-2026-best-ball-rankings-jahmyr-gibbs-is-your-new-1-01 | https://www.fftoday.com/rankings/26-adp-half-ppr.html | https://www.footballguys.com/adp?season=2026
,34,Jameson Williams,00-0037240,DET,WR,50.7,$19.82,15,10.94,Active,,2026-09-09,https://github.com/nflverse/nflverse-data/releases/download/rosters/roster_2026.csv | https://github.com/nflverse/nflverse-data/releases/download/players/players.csv | https://hashtagfootball.com/fantasy-football-adp-yahoo | https://www.nbcsports.com/fantasy/football/news/draftkings-2026-best-ball-rankings-jahmyr-gibbs-is-your-new-1-01 | https://www.fftoday.com/rankings/26-adp-half-ppr.html | https://www.footballguys.com/adp?season=2026
,40,Brock Bowers,00-0039338,LV,TE,20,$19.70,2,10.27,Active,,2026-09-09,https://github.com/nflverse/nflverse-data/releases/download/rosters/roster_2026.csv | https://github.com/nflverse/nflverse-data/releases/download/players/players.csv | https://hashtagfootball.com/fantasy-football-adp-yahoo | https://www.nbcsports.com/fantasy/football/news/draftkings-2026-best-ball-rankings-jahmyr-gibbs-is-your-new-1-01 | https://www.fftoday.com/rankings/26-adp-half-ppr.html | https://www.footballguys.com/adp?season=2026
,35,D'Andre Swift,00-0036275,CHI,RB,44.3,$19.59,19,11.73,Active,,2026-09-09,https://github.com/nflverse/nflverse-data/releases/download/rosters/roster_2026.csv | https://github.com/nflverse/nflverse-data/releases/download/players/players.csv | https://hashtagfootball.com/fantasy-football-adp-yahoo | https://www.nbcsports.com/fantasy/football/news/draftkings-2026-best-ball-rankings-jahmyr-gibbs-is-your-new-1-01 | https://www.fftoday.com/rankings/26-adp-half-ppr.html | https://www.footballguys.com/adp?season=2026
,36,Breece Hall,00-0038120,NYJ,RB,34.9,$19.32,20,11.65,Active,,2026-09-09,https://github.com/nflverse/nflverse-data/releases/download/rosters/roster_2026.csv | https://github.com/nflverse/nflverse-data/releases/download/players/players.csv | https://hashtagfootball.com/fantasy-football-adp-yahoo | https://www.nbcsports.com/fantasy/football/news/draftkings-2026-best-ball-rankings-jahmyr-gibbs-is-your-new-1-01 | https://www.fftoday.com/rankings/26-adp-half-ppr.html | https://www.footballguys.com/adp?season=2026
,37,Quinshon Judkins,00-0040784,CLE,RB,54.4,$19.26,21,11.63,Active,,2026-09-09,https://github.com/nflverse/nflverse-data/releases/download/rosters/roster_2026.csv | https://github.com/nflverse/nflverse-data/releases/download/players/players.csv | https://hashtagfootball.com/fantasy-football-adp-yahoo | https://www.nbcsports.com/fantasy/football/news/draftkings-2026-best-ball-rankings-jahmyr-gibbs-is-your-new-1-01 | https://www.fftoday.com/rankings/26-adp-half-ppr.html | https://www.footballguys.com/adp?season=2026
,38,Emeka Egbuka,00-0040129,TB,WR,39.6,$18.56,16,10.54,Active,,2026-09-09,https://github.com/nflverse/nflverse-data/releases/download/rosters/roster_2026.csv | https://github.com/nflverse/nflverse-data/releases/download/players/players.csv | https://hashtagfootball.com/fantasy-football-adp-yahoo | https://www.nbcsports.com/fantasy/football/news/draftkings-2026-best-ball-rankings-jahmyr-gibbs-is-your-new-1-01 | https://www.fftoday.com/rankings/26-adp-half-ppr.html | https://www.footballguys.com/adp?season=2026
,39,Ladd McConkey,00-0039915,LAC,WR,34.9,$18.41,17,10.5,Active,,2026-09-09,https://github.com/nflverse/nflverse-data/releases/download/rosters/roster_2026.csv | https://github.com/nflverse/nflverse-data/releases/download/players/players.csv | https://hashtagfootball.com/fantasy-football-adp-yahoo | https://www.nbcsports.com/fantasy/football/news/draftkings-2026-best-ball-rankings-jahmyr-gibbs-is-your-new-1-01 | https://www.fftoday.com/rankings/26-adp-half-ppr.html | https://www.footballguys.com/adp?season=2026
,41,Brian Thomas Jr.,00-0039893,JAC,WR,70.9,$18.21,18,10.43,Active,,2026-09-09,https://github.com/nflverse/nflverse-data/releases/download/rosters/roster_2026.csv | https://github.com/nflverse/nflverse-data/releases/download/players/players.csv | https://hashtagfootball.com/fantasy-football-adp-yahoo | https://www.nbcsports.com/fantasy/football/news/draftkings-2026-best-ball-rankings-jahmyr-gibbs-is-your-new-1-01 | https://www.fftoday.com/rankings/26-adp-half-ppr.html | https://www.footballguys.com/adp?season=2026
,42,Tetairoa McMillan,00-0040124,CAR,WR,39.6,$17.98,19,10.36,Active,,2026-09-09,https://github.com/nflverse/nflverse-data/releases/download/rosters/roster_2026.csv | https://github.com/nflverse/nflverse-data/releases/download/players/players.csv | https://hashtagfootball.com/fantasy-football-adp-yahoo | https://www.nbcsports.com/fantasy/football/news/draftkings-2026-best-ball-rankings-jahmyr-gibbs-is-your-new-1-01 | https://www.fftoday.com/rankings/26-adp-half-ppr.html | https://www.footballguys.com/adp?season=2026
,43,Rome Odunze,00-0039919,CHI,WR,57.3,$17.95,20,10.35,Active,,2026-09-09,https://github.com/nflverse/nflverse-data/releases/download/rosters/roster_2026.csv | https://github.com/nflverse/nflverse-data/releases/download/players/players.csv | https://hashtagfootball.com/fantasy-football-adp-yahoo | https://www.nbcsports.com/fantasy/football/news/draftkings-2026-best-ball-rankings-jahmyr-gibbs-is-your-new-1-01 | https://www.fftoday.com/rankings/26-adp-half-ppr.html | https://www.footballguys.com/adp?season=2026
,44,Lamar Jackson,00-0034796,BAL,QB,52.5,$17.82,1,22.2,Active,,2026-09-09,https://github.com/nflverse/nflverse-data/releases/download/rosters/roster_2026.csv | https://github.com/nflverse/nflverse-data/releases/download/players/players.csv | https://hashtagfootball.com/fantasy-football-adp-yahoo | https://www.nbcsports.com/fantasy/football/news/draftkings-2026-best-ball-rankings-jahmyr-gibbs-is-your-new-1-01 | https://www.fftoday.com/rankings/26-adp-half-ppr.html | https://www.footballguys.com/adp?season=2026
,45,Christian Watson,00-0038124,GB,WR,55.3,$17.75,21,10.29,Active,,2026-09-09,https://github.com/nflverse/nflverse-data/releases/download/rosters/roster_2026.csv | https://github.com/nflverse/nflverse-data/releases/download/players/players.csv | https://hashtagfootball.com/fantasy-football-adp-yahoo | https://www.nbcsports.com/fantasy/football/news/draftkings-2026-best-ball-rankings-jahmyr-gibbs-is-your-new-1-01 | https://www.fftoday.com/rankings/26-adp-half-ppr.html | https://www.footballguys.com/adp?season=2026
,46,Tyler Warren,00-0040128,IND,TE,57.2,$17.66,3,9.98,Active,,2026-09-09,https://github.com/nflverse/nflverse-data/releases/download/rosters/roster_2026.csv | https://github.com/nflverse/nflverse-data/releases/download/players/players.csv | https://hashtagfootball.com/fantasy-football-adp-yahoo | https://www.nbcsports.com/fantasy/football/news/draftkings-2026-best-ball-rankings-jahmyr-gibbs-is-your-new-1-01 | https://www.fftoday.com/rankings/26-adp-half-ppr.html | https://www.footballguys.com/adp?season=2026
,47,Nico Collins,00-0036554,HOU,WR,21,$17.32,22,10.15,Active,,2026-09-09,https://github.com/nflverse/nflverse-data/releases/download/rosters/roster_2026.csv | https://github.com/nflverse/nflverse-data/releases/download/players/players.csv | https://hashtagfootball.com/fantasy-football-adp-yahoo | https://www.nbcsports.com/fantasy/football/news/draftkings-2026-best-ball-rankings-jahmyr-gibbs-is-your-new-1-01 | https://www.fftoday.com/rankings/26-adp-half-ppr.html | https://www.footballguys.com/adp?season=2026
,48,Davante Adams,00-0031381,LAR,WR,49.7,$17.14,23,10.09,Active,,2026-09-09,https://github.com/nflverse/nflverse-data/releases/download/rosters/roster_2026.csv | https://github.com/nflverse/nflverse-data/releases/download/players/players.csv | https://hashtagfootball.com/fantasy-football-adp-yahoo | https://www.nbcsports.com/fantasy/football/news/draftkings-2026-best-ball-rankings-jahmyr-gibbs-is-your-new-1-01 | https://www.fftoday.com/rankings/26-adp-half-ppr.html | https://www.footballguys.com/adp?season=2026
,49,Drake London,00-0037238,ATL,WR,19.7,$17.13,24,10.09,Active,,2026-09-09,https://github.com/nflverse/nflverse-data/releases/download/rosters/roster_2026.csv | https://github.com/nflverse/nflverse-data/releases/download/players/players.csv | https://hashtagfootball.com/fantasy-football-adp-yahoo | https://www.nbcsports.com/fantasy/football/news/draftkings-2026-best-ball-rankings-jahmyr-gibbs-is-your-new-1-01 | https://www.fftoday.com/rankings/26-adp-half-ppr.html | https://www.footballguys.com/adp?season=2026
,50,Bucky Irving,00-0039361,TB,RB,51.8,$16.69,22,10.85,Active,,2026-09-09,https://github.com/nflverse/nflverse-data/releases/download/rosters/roster_2026.csv | https://github.com/nflverse/nflverse-data/releases/download/players/players.csv | https://hashtagfootball.com/fantasy-football-adp-yahoo | https://www.nbcsports.com/fantasy/football/news/draftkings-2026-best-ball-rankings-jahmyr-gibbs-is-your-new-1-01 | https://www.fftoday.com/rankings/26-adp-half-ppr.html | https://www.footballguys.com/adp?season=2026
,51,Colston Loveland,00-0040126,CHI,TE,40.6,$16.45,4,9.65,Active,,2026-09-09,https://github.com/nflverse/nflverse-data/releases/download/rosters/roster_2026.csv | https://github.com/nflverse/nflverse-data/releases/download/players/players.csv | https://hashtagfootball.com/fantasy-football-adp-yahoo | https://www.nbcsports.com/fantasy/football/news/draftkings-2026-best-ball-rankings-jahmyr-gibbs-is-your-new-1-01 | https://www.fftoday.com/rankings/26-adp-half-ppr.html | https://www.footballguys.com/adp?season=2026
,52,Jadarian Price,00-0041512,SEA,RB,59.8,$16.22,23,10.7,Active,,2026-09-09,https://github.com/nflverse/nflverse-data/releases/download/rosters/roster_2026.csv | https://github.com/nflverse/nflverse-data/releases/download/players/players.csv | https://hashtagfootball.com/fantasy-football-adp-yahoo | https://www.nbcsports.com/fantasy/football/news/draftkings-2026-best-ball-rankings-jahmyr-gibbs-is-your-new-1-01 | https://www.fftoday.com/rankings/26-adp-half-ppr.html | https://www.footballguys.com/adp?season=2026
,53,Travis Kelce,00-0030506,KC,TE,116,$16.17,5,9.58,Active,,2026-09-09,https://github.com/nflverse/nflverse-data/releases/download/rosters/roster_2026.csv | https://github.com/nflverse/nflverse-data/releases/download/players/players.csv | https://hashtagfootball.com/fantasy-football-adp-yahoo | https://www.nbcsports.com/fantasy/football/news/draftkings-2026-best-ball-rankings-jahmyr-gibbs-is-your-new-1-01 | https://www.fftoday.com/rankings/26-adp-half-ppr.html | https://www.footballguys.com/adp?season=2026
,54,Luther Burden III,00-0040735,CHI,WR,43.7,$15.98,25,9.73,Active,,2026-09-09,https://github.com/nflverse/nflverse-data/releases/download/rosters/roster_2026.csv | https://github.com/nflverse/nflverse-data/releases/download/players/players.csv | https://hashtagfootball.com/fantasy-football-adp-yahoo | https://www.nbcsports.com/fantasy/football/news/draftkings-2026-best-ball-rankings-jahmyr-gibbs-is-your-new-1-01 | https://www.fftoday.com/rankings/26-adp-half-ppr.html | https://www.footballguys.com/adp?season=2026
,55,Bhayshul Tuten,00-0040719,JAC,RB,55.9,$15.91,24,10.61,Active,,2026-09-09,https://github.com/nflverse/nflverse-data/releases/download/rosters/roster_2026.csv | https://github.com/nflverse/nflverse-data/releases/download/players/players.csv | https://hashtagfootball.com/fantasy-football-adp-yahoo | https://www.nbcsports.com/fantasy/football/news/draftkings-2026-best-ball-rankings-jahmyr-gibbs-is-your-new-1-01 | https://www.fftoday.com/rankings/26-adp-half-ppr.html | https://www.footballguys.com/adp?season=2026
,56,TreVeyon Henderson,00-0040734,NE,RB,62.7,$15.75,25,10.56,Active,,2026-09-09,https://github.com/nflverse/nflverse-data/releases/download/rosters/roster_2026.csv | https://github.com/nflverse/nflverse-data/releases/download/players/players.csv | https://hashtagfootball.com/fantasy-football-adp-yahoo | https://www.nbcsports.com/fantasy/football/news/draftkings-2026-best-ball-rankings-jahmyr-gibbs-is-your-new-1-01 | https://www.fftoday.com/rankings/26-adp-half-ppr.html | https://www.footballguys.com/adp?season=2026
,57,Rhamondre Stevenson,00-0036875,NE,RB,68.9,$15.31,26,10.43,Active,,2026-09-09,https://github.com/nflverse/nflverse-data/releases/download/rosters/roster_2026.csv | https://github.com/nflverse/nflverse-data/releases/download/players/players.csv | https://hashtagfootball.com/fantasy-football-adp-yahoo | https://www.nbcsports.com/fantasy/football/news/draftkings-2026-best-ball-rankings-jahmyr-gibbs-is-your-new-1-01 | https://www.fftoday.com/rankings/26-adp-half-ppr.html | https://www.footballguys.com/adp?season=2026
,58,Jaylen Warren,00-0037228,PIT,RB,70.3,$15.26,27,10.41,Active,,2026-09-09,https://github.com/nflverse/nflverse-data/releases/download/rosters/roster_2026.csv | https://github.com/nflverse/nflverse-data/releases/download/players/players.csv | https://hashtagfootball.com/fantasy-football-adp-yahoo | https://www.nbcsports.com/fantasy/football/news/draftkings-2026-best-ball-rankings-jahmyr-gibbs-is-your-new-1-01 | https://www.fftoday.com/rankings/26-adp-half-ppr.html | https://www.footballguys.com/adp?season=2026
,59,Tucker Kraft,00-0038996,GB,TE,70.6,$15.08,6,9.29,Active,,2026-09-09,https://github.com/nflverse/nflverse-data/releases/download/rosters/roster_2026.csv | https://github.com/nflverse/nflverse-data/releases/download/players/players.csv | https://hashtagfootball.com/fantasy-football-adp-yahoo | https://www.nbcsports.com/fantasy/football/news/draftkings-2026-best-ball-rankings-jahmyr-gibbs-is-your-new-1-01 | https://www.fftoday.com/rankings/26-adp-half-ppr.html | https://www.footballguys.com/adp?season=2026
,60,Josh Allen,00-0034857,BUF,QB,28.6,$14.82,2,20.4,Active,,2026-09-09,https://github.com/nflverse/nflverse-data/releases/download/rosters/roster_2026.csv | https://github.com/nflverse/nflverse-data/releases/download/players/players.csv | https://hashtagfootball.com/fantasy-football-adp-yahoo | https://www.nbcsports.com/fantasy/football/news/draftkings-2026-best-ball-rankings-jahmyr-gibbs-is-your-new-1-01 | https://www.fftoday.com/rankings/26-adp-half-ppr.html | https://www.footballguys.com/adp?season=2026
,61,Jonathon Brooks,00-0039344,CAR,RB,82.2,$14.76,28,10.26,Active,,2026-09-09,https://github.com/nflverse/nflverse-data/releases/download/rosters/roster_2026.csv | https://github.com/nflverse/nflverse-data/releases/download/players/players.csv | https://hashtagfootball.com/fantasy-football-adp-yahoo | https://www.nbcsports.com/fantasy/football/news/draftkings-2026-best-ball-rankings-jahmyr-gibbs-is-your-new-1-01 | https://www.fftoday.com/rankings/26-adp-half-ppr.html | https://www.footballguys.com/adp?season=2026
,62,MarShawn Lloyd,00-0039811,GB,RB,107.5,$14.51,29,10.18,Active,,2026-09-09,https://github.com/nflverse/nflverse-data/releases/download/rosters/roster_2026.csv | https://github.com/nflverse/nflverse-data/releases/download/players/players.csv | https://hashtagfootball.com/fantasy-football-adp-yahoo | https://www.nbcsports.com/fantasy/football/news/draftkings-2026-best-ball-rankings-jahmyr-gibbs-is-your-new-1-01 | https://www.fftoday.com/rankings/26-adp-half-ppr.html | https://www.footballguys.com/adp?season=2026
,63,Jalen Hurts,00-0036389,PHI,QB,72.6,$14.51,3,20.2,Active,,2026-09-09,https://github.com/nflverse/nflverse-data/releases/download/rosters/roster_2026.csv | https://github.com/nflverse/nflverse-data/releases/download/players/players.csv | https://hashtagfootball.com/fantasy-football-adp-yahoo | https://www.nbcsports.com/fantasy/football/news/draftkings-2026-best-ball-rankings-jahmyr-gibbs-is-your-new-1-01 | https://www.fftoday.com/rankings/26-adp-half-ppr.html | https://www.footballguys.com/adp?season=2026
,64,Quentin Johnston,00-0038544,LAC,WR,77,$14.38,26,9.23,Active,,2026-09-09,https://github.com/nflverse/nflverse-data/releases/download/rosters/roster_2026.csv | https://github.com/nflverse/nflverse-data/releases/download/players/players.csv | https://hashtagfootball.com/fantasy-football-adp-yahoo | https://www.nbcsports.com/fantasy/football/news/draftkings-2026-best-ball-rankings-jahmyr-gibbs-is-your-new-1-01 | https://www.fftoday.com/rankings/26-adp-half-ppr.html | https://www.footballguys.com/adp?season=2026
,65,Josh Jacobs,00-0035700,GB,RB,71.8,$14.30,30,10.12,Exempt,,2026-09-09,https://github.com/nflverse/nflverse-data/releases/download/rosters/roster_2026.csv | https://github.com/nflverse/nflverse-data/releases/download/players/players.csv | https://hashtagfootball.com/fantasy-football-adp-yahoo | https://www.nbcsports.com/fantasy/football/news/draftkings-2026-best-ball-rankings-jahmyr-gibbs-is-your-new-1-01 | https://www.fftoday.com/rankings/26-adp-half-ppr.html | https://www.footballguys.com/adp?season=2026
,66,Jaylen Waddle,00-0036613,DEN,WR,33.7,$14.14,27,9.15,Active,,2026-09-09,https://github.com/nflverse/nflverse-data/releases/download/rosters/roster_2026.csv | https://github.com/nflverse/nflverse-data/releases/download/players/players.csv | https://hashtagfootball.com/fantasy-football-adp-yahoo | https://www.nbcsports.com/fantasy/football/news/draftkings-2026-best-ball-rankings-jahmyr-gibbs-is-your-new-1-01 | https://www.fftoday.com/rankings/26-adp-half-ppr.html | https://www.footballguys.com/adp?season=2026
,67,Caleb Williams,00-0039918,CHI,QB,70.2,$14.12,4,20,Active,,2026-09-09,https://github.com/nflverse/nflverse-data/releases/download/rosters/roster_2026.csv | https://github.com/nflverse/nflverse-data/releases/download/players/players.csv | https://hashtagfootball.com/fantasy-football-adp-yahoo | https://www.nbcsports.com/fantasy/football/news/draftkings-2026-best-ball-rankings-jahmyr-gibbs-is-your-new-1-01 | https://www.fftoday.com/rankings/26-adp-half-ppr.html | https://www.footballguys.com/adp?season=2026
,68,Jacory Croskey-Merritt,00-0040242,WAS,RB,104.6,$14.06,31,10.04,Active,,2026-09-09,https://github.com/nflverse/nflverse-data/releases/download/rosters/roster_2026.csv | https://github.com/nflverse/nflverse-data/releases/download/players/players.csv | https://hashtagfootball.com/fantasy-football-adp-yahoo | https://www.nbcsports.com/fantasy/football/news/draftkings-2026-best-ball-rankings-jahmyr-gibbs-is-your-new-1-01 | https://www.fftoday.com/rankings/26-adp-half-ppr.html | https://www.footballguys.com/adp?season=2026
,69,Kenny Gainwell,00-0036919,TB,RB,104.8,$13.98,32,10.02,Active,,2026-09-09,https://github.com/nflverse/nflverse-data/releases/download/rosters/roster_2026.csv | https://github.com/nflverse/nflverse-data/releases/download/players/players.csv | https://hashtagfootball.com/fantasy-football-adp-yahoo | https://www.nbcsports.com/fantasy/football/news/draftkings-2026-best-ball-rankings-jahmyr-gibbs-is-your-new-1-01 | https://www.fftoday.com/rankings/26-adp-half-ppr.html | https://www.footballguys.com/adp?season=2026
,70,Drake Maye,00-0039851,NE,QB,60.6,$13.83,5,19.8,Active,,2026-09-09,https://github.com/nflverse/nflverse-data/releases/download/rosters/roster_2026.csv | https://github.com/nflverse/nflverse-data/releases/download/players/players.csv | https://hashtagfootball.com/fantasy-football-adp-yahoo | https://www.nbcsports.com/fantasy/football/news/draftkings-2026-best-ball-rankings-jahmyr-gibbs-is-your-new-1-01 | https://www.fftoday.com/rankings/26-adp-half-ppr.html | https://www.footballguys.com/adp?season=2026
,71,Mike Evans,00-0031408,SF,WR,56.6,$13.81,28,9.05,Active,,2026-09-09,https://github.com/nflverse/nflverse-data/releases/download/rosters/roster_2026.csv | https://github.com/nflverse/nflverse-data/releases/download/players/players.csv | https://hashtagfootball.com/fantasy-football-adp-yahoo | https://www.nbcsports.com/fantasy/football/news/draftkings-2026-best-ball-rankings-jahmyr-gibbs-is-your-new-1-01 | https://www.fftoday.com/rankings/26-adp-half-ppr.html | https://www.footballguys.com/adp?season=2026
,72,De'Zhaun Stribling,00-0041035,SF,WR,106.1,$13.69,29,9.01,Active,,2026-09-09,https://github.com/nflverse/nflverse-data/releases/download/rosters/roster_2026.csv | https://github.com/nflverse/nflverse-data/releases/download/players/players.csv | https://hashtagfootball.com/fantasy-football-adp-yahoo | https://www.nbcsports.com/fantasy/football/news/draftkings-2026-best-ball-rankings-jahmyr-gibbs-is-your-new-1-01 | https://www.fftoday.com/rankings/26-adp-half-ppr.html | https://www.footballguys.com/adp?season=2026
,73,Tony Pollard,00-0035261,TEN,RB,79.9,$13.60,33,9.9,Active,,2026-09-09,https://github.com/nflverse/nflverse-data/releases/download/rosters/roster_2026.csv | https://github.com/nflverse/nflverse-data/releases/download/players/players.csv | https://hashtagfootball.com/fantasy-football-adp-yahoo | https://www.nbcsports.com/fantasy/football/news/draftkings-2026-best-ball-rankings-jahmyr-gibbs-is-your-new-1-01 | https://www.fftoday.com/rankings/26-adp-half-ppr.html | https://www.footballguys.com/adp?season=2026
,74,Kyle Monangai,00-0040236,CHI,RB,113.1,$13.25,34,9.8,Active,,2026-09-09,https://github.com/nflverse/nflverse-data/releases/download/rosters/roster_2026.csv | https://github.com/nflverse/nflverse-data/releases/download/players/players.csv | https://hashtagfootball.com/fantasy-football-adp-yahoo | https://www.nbcsports.com/fantasy/football/news/draftkings-2026-best-ball-rankings-jahmyr-gibbs-is-your-new-1-01 | https://www.fftoday.com/rankings/26-adp-half-ppr.html | https://www.footballguys.com/adp?season=2026
,75,Rico Dowdle,00-0036139,PIT,RB,84.9,$13.00,35,9.72,Active,,2026-09-09,https://github.com/nflverse/nflverse-data/releases/download/rosters/roster_2026.csv | https://github.com/nflverse/nflverse-data/releases/download/players/players.csv | https://hashtagfootball.com/fantasy-football-adp-yahoo | https://www.nbcsports.com/fantasy/football/news/draftkings-2026-best-ball-rankings-jahmyr-gibbs-is-your-new-1-01 | https://www.fftoday.com/rankings/26-adp-half-ppr.html | https://www.footballguys.com/adp?season=2026
,76,Garrett Wilson,00-0037740,NYJ,WR,35.8,$12.95,30,8.78,Active,,2026-09-09,https://github.com/nflverse/nflverse-data/releases/download/rosters/roster_2026.csv | https://github.com/nflverse/nflverse-data/releases/download/players/players.csv | https://hashtagfootball.com/fantasy-football-adp-yahoo | https://www.nbcsports.com/fantasy/football/news/draftkings-2026-best-ball-rankings-jahmyr-gibbs-is-your-new-1-01 | https://www.fftoday.com/rankings/26-adp-half-ppr.html | https://www.footballguys.com/adp?season=2026
,77,Parker Washington,00-0038606,JAC,WR,56.3,$12.85,31,8.74,Active,,2026-09-09,https://github.com/nflverse/nflverse-data/releases/download/rosters/roster_2026.csv | https://github.com/nflverse/nflverse-data/releases/download/players/players.csv | https://hashtagfootball.com/fantasy-football-adp-yahoo | https://www.nbcsports.com/fantasy/football/news/draftkings-2026-best-ball-rankings-jahmyr-gibbs-is-your-new-1-01 | https://www.fftoday.com/rankings/26-adp-half-ppr.html | https://www.footballguys.com/adp?season=2026
,78,Rachaad White,00-0037256,WAS,RB,121.2,$12.69,36,9.63,Active,,2026-09-09,https://github.com/nflverse/nflverse-data/releases/download/rosters/roster_2026.csv | https://github.com/nflverse/nflverse-data/releases/download/players/players.csv | https://hashtagfootball.com/fantasy-football-adp-yahoo | https://www.nbcsports.com/fantasy/football/news/draftkings-2026-best-ball-rankings-jahmyr-gibbs-is-your-new-1-01 | https://www.fftoday.com/rankings/26-adp-half-ppr.html | https://www.footballguys.com/adp?season=2026
,79,Makai Lemon,00-0040867,PHI,WR,97.5,$12.67,32,8.69,Active,,2026-09-09,https://github.com/nflverse/nflverse-data/releases/download/rosters/roster_2026.csv | https://github.com/nflverse/nflverse-data/releases/download/players/players.csv | https://hashtagfootball.com/fantasy-football-adp-yahoo | https://www.nbcsports.com/fantasy/football/news/draftkings-2026-best-ball-rankings-jahmyr-gibbs-is-your-new-1-01 | https://www.fftoday.com/rankings/26-adp-half-ppr.html | https://www.footballguys.com/adp?season=2026
,80,Chris Godwin Jr.,00-0033921,TB,WR,77,$12.63,33,8.68,Active,,2026-09-09,https://github.com/nflverse/nflverse-data/releases/download/rosters/roster_2026.csv | https://github.com/nflverse/nflverse-data/releases/download/players/players.csv | https://hashtagfootball.com/fantasy-football-adp-yahoo | https://www.nbcsports.com/fantasy/football/news/draftkings-2026-best-ball-rankings-jahmyr-gibbs-is-your-new-1-01 | https://www.fftoday.com/rankings/26-adp-half-ppr.html | https://www.footballguys.com/adp?season=2026
,81,Jordan Mason,00-0037525,MIN,RB,99.8,$12.40,37,9.54,Active,,2026-09-09,https://github.com/nflverse/nflverse-data/releases/download/rosters/roster_2026.csv | https://github.com/nflverse/nflverse-data/releases/download/players/players.csv | https://hashtagfootball.com/fantasy-football-adp-yahoo | https://www.nbcsports.com/fantasy/football/news/draftkings-2026-best-ball-rankings-jahmyr-gibbs-is-your-new-1-01 | https://www.fftoday.com/rankings/26-adp-half-ppr.html | https://www.footballguys.com/adp?season=2026
,82,Kyle Pitts,00-0036970,ATL,TE,85.7,$12.14,7,8.5,Active,,2026-09-09,https://github.com/nflverse/nflverse-data/releases/download/rosters/roster_2026.csv | https://github.com/nflverse/nflverse-data/releases/download/players/players.csv | https://hashtagfootball.com/fantasy-football-adp-yahoo | https://www.nbcsports.com/fantasy/football/news/draftkings-2026-best-ball-rankings-jahmyr-gibbs-is-your-new-1-01 | https://www.fftoday.com/rankings/26-adp-half-ppr.html | https://www.footballguys.com/adp?season=2026
,83,Jayden Reed,00-0039146,GB,WR,90.5,$12.04,34,8.49,Active,,2026-09-09,https://github.com/nflverse/nflverse-data/releases/download/rosters/roster_2026.csv | https://github.com/nflverse/nflverse-data/releases/download/players/players.csv | https://hashtagfootball.com/fantasy-football-adp-yahoo | https://www.nbcsports.com/fantasy/football/news/draftkings-2026-best-ball-rankings-jahmyr-gibbs-is-your-new-1-01 | https://www.fftoday.com/rankings/26-adp-half-ppr.html | https://www.footballguys.com/adp?season=2026
,84,RJ Harvey,00-0040730,DEN,RB,90.6,$11.87,38,9.38,Active,,2026-09-09,https://github.com/nflverse/nflverse-data/releases/download/rosters/roster_2026.csv | https://github.com/nflverse/nflverse-data/releases/download/players/players.csv | https://hashtagfootball.com/fantasy-football-adp-yahoo | https://www.nbcsports.com/fantasy/football/news/draftkings-2026-best-ball-rankings-jahmyr-gibbs-is-your-new-1-01 | https://www.fftoday.com/rankings/26-adp-half-ppr.html | https://www.footballguys.com/adp?season=2026
,85,Joe Burrow,00-0036442,CIN,QB,59.4,$11.82,6,18.6,Active,,2026-09-09,https://github.com/nflverse/nflverse-data/releases/download/rosters/roster_2026.csv | https://github.com/nflverse/nflverse-data/releases/download/players/players.csv | https://hashtagfootball.com/fantasy-football-adp-yahoo | https://www.nbcsports.com/fantasy/football/news/draftkings-2026-best-ball-rankings-jahmyr-gibbs-is-your-new-1-01 | https://www.fftoday.com/rankings/26-adp-half-ppr.html | https://www.footballguys.com/adp?season=2026
,86,Harold Fannin Jr.,00-0040663,CLE,TE,91.4,$11.80,8,8.41,Active,,2026-09-09,https://github.com/nflverse/nflverse-data/releases/download/rosters/roster_2026.csv | https://github.com/nflverse/nflverse-data/releases/download/players/players.csv | https://hashtagfootball.com/fantasy-football-adp-yahoo | https://www.nbcsports.com/fantasy/football/news/draftkings-2026-best-ball-rankings-jahmyr-gibbs-is-your-new-1-01 | https://www.fftoday.com/rankings/26-adp-half-ppr.html | https://www.footballguys.com/adp?season=2026
,87,Michael Wilson,00-0038559,ARI,WR,81.2,$11.63,35,8.36,Active,,2026-09-09,https://github.com/nflverse/nflverse-data/releases/download/rosters/roster_2026.csv | https://github.com/nflverse/nflverse-data/releases/download/players/players.csv | https://hashtagfootball.com/fantasy-football-adp-yahoo | https://www.nbcsports.com/fantasy/football/news/draftkings-2026-best-ball-rankings-jahmyr-gibbs-is-your-new-1-01 | https://www.fftoday.com/rankings/26-adp-half-ppr.html | https://www.footballguys.com/adp?season=2026
,88,Aaron Jones,00-0033293,MIN,RB,128.5,$11.38,39,9.23,Active,,2026-09-09,https://github.com/nflverse/nflverse-data/releases/download/rosters/roster_2026.csv | https://github.com/nflverse/nflverse-data/releases/download/players/players.csv | https://hashtagfootball.com/fantasy-football-adp-yahoo | https://www.nbcsports.com/fantasy/football/news/draftkings-2026-best-ball-rankings-jahmyr-gibbs-is-your-new-1-01 | https://www.fftoday.com/rankings/26-adp-half-ppr.html | https://www.footballguys.com/adp?season=2026
,89,Marvin Harrison Jr.,00-0039849,ARI,WR,63.6,$11.19,36,8.22,Active,,2026-09-09,https://github.com/nflverse/nflverse-data/releases/download/rosters/roster_2026.csv | https://github.com/nflverse/nflverse-data/releases/download/players/players.csv | https://hashtagfootball.com/fantasy-football-adp-yahoo | https://www.nbcsports.com/fantasy/football/news/draftkings-2026-best-ball-rankings-jahmyr-gibbs-is-your-new-1-01 | https://www.fftoday.com/rankings/26-adp-half-ppr.html | https://www.footballguys.com/adp?season=2026
,90,Stefon Diggs,00-0031588,WAS,WR,97.6,$11.15,37,8.21,Active,,2026-09-09,https://github.com/nflverse/nflverse-data/releases/download/rosters/roster_2026.csv | https://github.com/nflverse/nflverse-data/releases/download/players/players.csv | https://hashtagfootball.com/fantasy-football-adp-yahoo | https://www.nbcsports.com/fantasy/football/news/draftkings-2026-best-ball-rankings-jahmyr-gibbs-is-your-new-1-01 | https://www.fftoday.com/rankings/26-adp-half-ppr.html | https://www.footballguys.com/adp?season=2026
,91,Patrick Mahomes,00-0033873,KC,QB,103.8,$10.98,7,18.1,Active,,2026-09-09,https://github.com/nflverse/nflverse-data/releases/download/rosters/roster_2026.csv | https://github.com/nflverse/nflverse-data/releases/download/players/players.csv | https://hashtagfootball.com/fantasy-football-adp-yahoo | https://www.nbcsports.com/fantasy/football/news/draftkings-2026-best-ball-rankings-jahmyr-gibbs-is-your-new-1-01 | https://www.fftoday.com/rankings/26-adp-half-ppr.html | https://www.footballguys.com/adp?season=2026
,92,Alec Pierce,00-0037664,IND,WR,89.1,$10.96,38,8.15,Active,,2026-09-09,https://github.com/nflverse/nflverse-data/releases/download/rosters/roster_2026.csv | https://github.com/nflverse/nflverse-data/releases/download/players/players.csv | https://hashtagfootball.com/fantasy-football-adp-yahoo | https://www.nbcsports.com/fantasy/football/news/draftkings-2026-best-ball-rankings-jahmyr-gibbs-is-your-new-1-01 | https://www.fftoday.com/rankings/26-adp-half-ppr.html | https://www.footballguys.com/adp?season=2026
,93,Xavier Worthy,00-0039894,KC,WR,116.8,$10.94,39,8.14,Active,,2026-09-09,https://github.com/nflverse/nflverse-data/releases/download/rosters/roster_2026.csv | https://github.com/nflverse/nflverse-data/releases/download/players/players.csv | https://hashtagfootball.com/fantasy-football-adp-yahoo | https://www.nbcsports.com/fantasy/football/news/draftkings-2026-best-ball-rankings-jahmyr-gibbs-is-your-new-1-01 | https://www.fftoday.com/rankings/26-adp-half-ppr.html | https://www.footballguys.com/adp?season=2026
,94,Blake Corum,00-0039738,LAR,RB,91.5,$10.93,40,9.09,Active,,2026-09-09,https://github.com/nflverse/nflverse-data/releases/download/rosters/roster_2026.csv | https://github.com/nflverse/nflverse-data/releases/download/players/players.csv | https://hashtagfootball.com/fantasy-football-adp-yahoo | https://www.nbcsports.com/fantasy/football/news/draftkings-2026-best-ball-rankings-jahmyr-gibbs-is-your-new-1-01 | https://www.fftoday.com/rankings/26-adp-half-ppr.html | https://www.footballguys.com/adp?season=2026
,95,Terry McLaurin,00-0035659,WAS,WR,48.5,$10.68,40,8.06,Active,,2026-09-09,https://github.com/nflverse/nflverse-data/releases/download/rosters/roster_2026.csv | https://github.com/nflverse/nflverse-data/releases/download/players/players.csv | https://hashtagfootball.com/fantasy-football-adp-yahoo | https://www.nbcsports.com/fantasy/football/news/draftkings-2026-best-ball-rankings-jahmyr-gibbs-is-your-new-1-01 | https://www.fftoday.com/rankings/26-adp-half-ppr.html | https://www.footballguys.com/adp?season=2026
,96,Dalton Schultz,00-0034383,HOU,TE,153.4,$10.65,9,8.1,Active,,2026-09-09,https://github.com/nflverse/nflverse-data/releases/download/rosters/roster_2026.csv | https://github.com/nflverse/nflverse-data/releases/download/players/players.csv | https://hashtagfootball.com/fantasy-football-adp-yahoo | https://www.nbcsports.com/fantasy/football/news/draftkings-2026-best-ball-rankings-jahmyr-gibbs-is-your-new-1-01 | https://www.fftoday.com/rankings/26-adp-half-ppr.html | https://www.footballguys.com/adp?season=2026
,97,George Kittle,00-0033288,SF,TE,103.1,$10.56,10,8.08,Active,,2026-09-09,https://github.com/nflverse/nflverse-data/releases/download/rosters/roster_2026.csv | https://github.com/nflverse/nflverse-data/releases/download/players/players.csv | https://hashtagfootball.com/fantasy-football-adp-yahoo | https://www.nbcsports.com/fantasy/football/news/draftkings-2026-best-ball-rankings-jahmyr-gibbs-is-your-new-1-01 | https://www.fftoday.com/rankings/26-adp-half-ppr.html | https://www.footballguys.com/adp?season=2026
,98,Mark Andrews,00-0034753,BAL,TE,130.6,$10.49,11,8.06,Active,,2026-09-09,https://github.com/nflverse/nflverse-data/releases/download/rosters/roster_2026.csv | https://github.com/nflverse/nflverse-data/releases/download/players/players.csv | https://hashtagfootball.com/fantasy-football-adp-yahoo | https://www.nbcsports.com/fantasy/football/news/draftkings-2026-best-ball-rankings-jahmyr-gibbs-is-your-new-1-01 | https://www.fftoday.com/rankings/26-adp-half-ppr.html | https://www.footballguys.com/adp?season=2026
,99,DJ Moore,00-0034827,BUF,WR,47.6,$10.37,41,7.96,Active,,2026-09-09,https://github.com/nflverse/nflverse-data/releases/download/rosters/roster_2026.csv | https://github.com/nflverse/nflverse-data/releases/download/players/players.csv | https://hashtagfootball.com/fantasy-football-adp-yahoo | https://www.nbcsports.com/fantasy/football/news/draftkings-2026-best-ball-rankings-jahmyr-gibbs-is-your-new-1-01 | https://www.fftoday.com/rankings/26-adp-half-ppr.html | https://www.footballguys.com/adp?season=2026
,100,Justin Herbert,00-0036355,LAC,QB,79.5,$10.21,8,17.6,Active,,2026-09-09,https://github.com/nflverse/nflverse-data/releases/download/rosters/roster_2026.csv | https://github.com/nflverse/nflverse-data/releases/download/players/players.csv | https://hashtagfootball.com/fantasy-football-adp-yahoo | https://www.nbcsports.com/fantasy/football/news/draftkings-2026-best-ball-rankings-jahmyr-gibbs-is-your-new-1-01 | https://www.fftoday.com/rankings/26-adp-half-ppr.html | https://www.footballguys.com/adp?season=2026
,101,Carnell Tate,00-0041438,TEN,WR,67.1,$10.07,42,7.87,Active,,2026-09-09,https://github.com/nflverse/nflverse-data/releases/download/rosters/roster_2026.csv | https://github.com/nflverse/nflverse-data/releases/download/players/players.csv | https://hashtagfootball.com/fantasy-football-adp-yahoo | https://www.nbcsports.com/fantasy/football/news/draftkings-2026-best-ball-rankings-jahmyr-gibbs-is-your-new-1-01 | https://www.fftoday.com/rankings/26-adp-half-ppr.html | https://www.footballguys.com/adp?season=2026
,102,J.K. Dobbins,00-0036158,DEN,RB,98,$10.04,41,8.82,Active,,2026-09-09,https://github.com/nflverse/nflverse-data/releases/download/rosters/roster_2026.csv | https://github.com/nflverse/nflverse-data/releases/download/players/players.csv | https://hashtagfootball.com/fantasy-football-adp-yahoo | https://www.nbcsports.com/fantasy/football/news/draftkings-2026-best-ball-rankings-jahmyr-gibbs-is-your-new-1-01 | https://www.fftoday.com/rankings/26-adp-half-ppr.html | https://www.footballguys.com/adp?season=2026
,103,DK Metcalf,00-0035640,PIT,WR,75.2,$9.71,43,7.76,Active,,2026-09-09,https://github.com/nflverse/nflverse-data/releases/download/rosters/roster_2026.csv | https://github.com/nflverse/nflverse-data/releases/download/players/players.csv | https://hashtagfootball.com/fantasy-football-adp-yahoo | https://www.nbcsports.com/fantasy/football/news/draftkings-2026-best-ball-rankings-jahmyr-gibbs-is-your-new-1-01 | https://www.fftoday.com/rankings/26-adp-half-ppr.html | https://www.footballguys.com/adp?season=2026
,104,Bo Nix,00-0039732,DEN,QB,105.4,$9.71,9,17.3,Active,,2026-09-09,https://github.com/nflverse/nflverse-data/releases/download/rosters/roster_2026.csv | https://github.com/nflverse/nflverse-data/releases/download/players/players.csv | https://hashtagfootball.com/fantasy-football-adp-yahoo | https://www.nbcsports.com/fantasy/football/news/draftkings-2026-best-ball-rankings-jahmyr-gibbs-is-your-new-1-01 | https://www.fftoday.com/rankings/26-adp-half-ppr.html | https://www.footballguys.com/adp?season=2026
,105,Trevor Lawrence,00-0036971,JAC,QB,86.7,$9.45,10,17.2,Active,,2026-09-09,https://github.com/nflverse/nflverse-data/releases/download/rosters/roster_2026.csv | https://github.com/nflverse/nflverse-data/releases/download/players/players.csv | https://hashtagfootball.com/fantasy-football-adp-yahoo | https://www.nbcsports.com/fantasy/football/news/draftkings-2026-best-ball-rankings-jahmyr-gibbs-is-your-new-1-01 | https://www.fftoday.com/rankings/26-adp-half-ppr.html | https://www.footballguys.com/adp?season=2026
,106,KC Concepcion,00-0041547,CLE,WR,111.8,$9.43,44,7.67,Active,,2026-09-09,https://github.com/nflverse/nflverse-data/releases/download/rosters/roster_2026.csv | https://github.com/nflverse/nflverse-data/releases/download/players/players.csv | https://hashtagfootball.com/fantasy-football-adp-yahoo | https://www.nbcsports.com/fantasy/football/news/draftkings-2026-best-ball-rankings-jahmyr-gibbs-is-your-new-1-01 | https://www.fftoday.com/rankings/26-adp-half-ppr.html | https://www.footballguys.com/adp?season=2026
,107,Courtland Sutton,00-0034348,DEN,WR,81.7,$9.38,45,7.65,Active,,2026-09-09,https://github.com/nflverse/nflverse-data/releases/download/rosters/roster_2026.csv | https://github.com/nflverse/nflverse-data/releases/download/players/players.csv | https://hashtagfootball.com/fantasy-football-adp-yahoo | https://www.nbcsports.com/fantasy/football/news/draftkings-2026-best-ball-rankings-jahmyr-gibbs-is-your-new-1-01 | https://www.fftoday.com/rankings/26-adp-half-ppr.html | https://www.footballguys.com/adp?season=2026
,108,Baker Mayfield,00-0034855,TB,QB,124.4,$9.30,11,17.1,Active,,2026-09-09,https://github.com/nflverse/nflverse-data/releases/download/rosters/roster_2026.csv | https://github.com/nflverse/nflverse-data/releases/download/players/players.csv | https://hashtagfootball.com/fantasy-football-adp-yahoo | https://www.nbcsports.com/fantasy/football/news/draftkings-2026-best-ball-rankings-jahmyr-gibbs-is-your-new-1-01 | https://www.fftoday.com/rankings/26-adp-half-ppr.html | https://www.footballguys.com/adp?season=2026
,109,Dak Prescott,00-0033077,DAL,QB,78.4,$9.29,12,17.1,Active,,2026-09-09,https://github.com/nflverse/nflverse-data/releases/download/rosters/roster_2026.csv | https://github.com/nflverse/nflverse-data/releases/download/players/players.csv | https://hashtagfootball.com/fantasy-football-adp-yahoo | https://www.nbcsports.com/fantasy/football/news/draftkings-2026-best-ball-rankings-jahmyr-gibbs-is-your-new-1-01 | https://www.fftoday.com/rankings/26-adp-half-ppr.html | https://www.footballguys.com/adp?season=2026
,110,Jordyn Tyson,00-0041029,NO,WR,109.6,$9.26,46,7.62,Reserve,,2026-09-09,https://github.com/nflverse/nflverse-data/releases/download/rosters/roster_2026.csv | https://github.com/nflverse/nflverse-data/releases/download/players/players.csv | https://hashtagfootball.com/fantasy-football-adp-yahoo | https://www.nbcsports.com/fantasy/football/news/draftkings-2026-best-ball-rankings-jahmyr-gibbs-is-your-new-1-01 | https://www.fftoday.com/rankings/26-adp-half-ppr.html | https://www.footballguys.com/adp?season=2026
,111,Jayden Daniels,00-0039910,WAS,QB,69.5,$9.26,13,17.1,Active,,2026-09-09,https://github.com/nflverse/nflverse-data/releases/download/rosters/roster_2026.csv | https://github.com/nflverse/nflverse-data/releases/download/players/players.csv | https://hashtagfootball.com/fantasy-football-adp-yahoo | https://www.nbcsports.com/fantasy/football/news/draftkings-2026-best-ball-rankings-jahmyr-gibbs-is-your-new-1-01 | https://www.fftoday.com/rankings/26-adp-half-ppr.html | https://www.footballguys.com/adp?season=2026
,112,Jaxson Dart,00-0040691,NYG,QB,104.8,$9.09,14,17,Active,,2026-09-09,https://github.com/nflverse/nflverse-data/releases/download/rosters/roster_2026.csv | https://github.com/nflverse/nflverse-data/releases/download/players/players.csv | https://hashtagfootball.com/fantasy-football-adp-yahoo | https://www.nbcsports.com/fantasy/football/news/draftkings-2026-best-ball-rankings-jahmyr-gibbs-is-your-new-1-01 | https://www.fftoday.com/rankings/26-adp-half-ppr.html | https://www.footballguys.com/adp?season=2026
,113,Denzel Boston,00-0041037,CLE,WR,141.5,$8.83,47,7.48,Active,,2026-09-09,https://github.com/nflverse/nflverse-data/releases/download/rosters/roster_2026.csv | https://github.com/nflverse/nflverse-data/releases/download/players/players.csv | https://hashtagfootball.com/fantasy-football-adp-yahoo | https://www.nbcsports.com/fantasy/football/news/draftkings-2026-best-ball-rankings-jahmyr-gibbs-is-your-new-1-01 | https://www.fftoday.com/rankings/26-adp-half-ppr.html | https://www.footballguys.com/adp?season=2026
,114,Chuba Hubbard,00-0036555,CAR,RB,98.2,$8.79,42,8.44,Active,,2026-09-09,https://github.com/nflverse/nflverse-data/releases/download/rosters/roster_2026.csv | https://github.com/nflverse/nflverse-data/releases/download/players/players.csv | https://hashtagfootball.com/fantasy-football-adp-yahoo | https://www.nbcsports.com/fantasy/football/news/draftkings-2026-best-ball-rankings-jahmyr-gibbs-is-your-new-1-01 | https://www.fftoday.com/rankings/26-adp-half-ppr.html | https://www.footballguys.com/adp?season=2026
,115,Sam LaPorta,00-0039065,DET,TE,83.1,$8.42,12,7.5,Active,,2026-09-09,https://github.com/nflverse/nflverse-data/releases/download/rosters/roster_2026.csv | https://github.com/nflverse/nflverse-data/releases/download/players/players.csv | https://hashtagfootball.com/fantasy-football-adp-yahoo | https://www.nbcsports.com/fantasy/football/news/draftkings-2026-best-ball-rankings-jahmyr-gibbs-is-your-new-1-01 | https://www.fftoday.com/rankings/26-adp-half-ppr.html | https://www.footballguys.com/adp?season=2026
,116,Michael Pittman,00-0036252,PIT,WR,101.9,$8.27,48,7.3,Active,,2026-09-09,https://github.com/nflverse/nflverse-data/releases/download/rosters/roster_2026.csv | https://github.com/nflverse/nflverse-data/releases/download/players/players.csv | https://hashtagfootball.com/fantasy-football-adp-yahoo | https://www.nbcsports.com/fantasy/football/news/draftkings-2026-best-ball-rankings-jahmyr-gibbs-is-your-new-1-01 | https://www.fftoday.com/rankings/26-adp-half-ppr.html | https://www.footballguys.com/adp?season=2026
,117,Jordan Love,00-0036264,GB,QB,120.2,$8.24,15,16.5,Active,,2026-09-09,https://github.com/nflverse/nflverse-data/releases/download/rosters/roster_2026.csv | https://github.com/nflverse/nflverse-data/releases/download/players/players.csv | https://hashtagfootball.com/fantasy-football-adp-yahoo | https://www.nbcsports.com/fantasy/football/news/draftkings-2026-best-ball-rankings-jahmyr-gibbs-is-your-new-1-01 | https://www.fftoday.com/rankings/26-adp-half-ppr.html | https://www.footballguys.com/adp?season=2026
,118,Chris Bell,00-0041525,MIA,WR,203.1,$8.23,49,7.29,Active,,2026-09-09,https://github.com/nflverse/nflverse-data/releases/download/rosters/roster_2026.csv | https://github.com/nflverse/nflverse-data/releases/download/players/players.csv | https://hashtagfootball.com/fantasy-football-adp-yahoo | https://www.nbcsports.com/fantasy/football/news/draftkings-2026-best-ball-rankings-jahmyr-gibbs-is-your-new-1-01 | https://www.fftoday.com/rankings/26-adp-half-ppr.html | https://www.footballguys.com/adp?season=2026
,119,Jordan Addison,00-0038994,MIN,WR,100.7,$8.18,50,7.27,Active,,2026-09-09,https://github.com/nflverse/nflverse-data/releases/download/rosters/roster_2026.csv | https://github.com/nflverse/nflverse-data/releases/download/players/players.csv | https://hashtagfootball.com/fantasy-football-adp-yahoo | https://www.nbcsports.com/fantasy/football/news/draftkings-2026-best-ball-rankings-jahmyr-gibbs-is-your-new-1-01 | https://www.fftoday.com/rankings/26-adp-half-ppr.html | https://www.footballguys.com/adp?season=2026
,120,Daniel Jones,00-0035710,IND,QB,141.2,$8.11,16,16.4,Active,,2026-09-09,https://github.com/nflverse/nflverse-data/releases/download/rosters/roster_2026.csv | https://github.com/nflverse/nflverse-data/releases/download/players/players.csv | https://hashtagfootball.com/fantasy-football-adp-yahoo | https://www.nbcsports.com/fantasy/football/news/draftkings-2026-best-ball-rankings-jahmyr-gibbs-is-your-new-1-01 | https://www.fftoday.com/rankings/26-adp-half-ppr.html | https://www.footballguys.com/adp?season=2026
,121,Malik Willis,00-0038128,MIA,QB,133.2,$8.09,17,16.4,Active,,2026-09-09,https://github.com/nflverse/nflverse-data/releases/download/rosters/roster_2026.csv | https://github.com/nflverse/nflverse-data/releases/download/players/players.csv | https://hashtagfootball.com/fantasy-football-adp-yahoo | https://www.nbcsports.com/fantasy/football/news/draftkings-2026-best-ball-rankings-jahmyr-gibbs-is-your-new-1-01 | https://www.fftoday.com/rankings/26-adp-half-ppr.html | https://www.footballguys.com/adp?season=2026
,122,Hunter Henry,00-0033090,NE,TE,148.7,$8.00,13,7.39,Active,,2026-09-09,https://github.com/nflverse/nflverse-data/releases/download/rosters/roster_2026.csv | https://github.com/nflverse/nflverse-data/releases/download/players/players.csv | https://hashtagfootball.com/fantasy-football-adp-yahoo | https://www.nbcsports.com/fantasy/football/news/draftkings-2026-best-ball-rankings-jahmyr-gibbs-is-your-new-1-01 | https://www.fftoday.com/rankings/26-adp-half-ppr.html | https://www.footballguys.com/adp?season=2026
,123,Juwan Johnson,00-0036040,NO,TE,133.8,$7.90,14,7.36,Active,,2026-09-09,https://github.com/nflverse/nflverse-data/releases/download/rosters/roster_2026.csv | https://github.com/nflverse/nflverse-data/releases/download/players/players.csv | https://hashtagfootball.com/fantasy-football-adp-yahoo | https://www.nbcsports.com/fantasy/football/news/draftkings-2026-best-ball-rankings-jahmyr-gibbs-is-your-new-1-01 | https://www.fftoday.com/rankings/26-adp-half-ppr.html | https://www.footballguys.com/adp?season=2026
,124,Chris Rodriguez Jr.,00-0038611,JAC,RB,128.1,$7.46,43,8.03,Active,,2026-09-09,https://github.com/nflverse/nflverse-data/releases/download/rosters/roster_2026.csv | https://github.com/nflverse/nflverse-data/releases/download/players/players.csv | https://hashtagfootball.com/fantasy-football-adp-yahoo | https://www.nbcsports.com/fantasy/football/news/draftkings-2026-best-ball-rankings-jahmyr-gibbs-is-your-new-1-01 | https://www.fftoday.com/rankings/26-adp-half-ppr.html | https://www.footballguys.com/adp?season=2026
,125,Malik Washington,00-0039880,MIA,WR,175.7,$6.96,51,6.89,Active,,2026-09-09,https://github.com/nflverse/nflverse-data/releases/download/rosters/roster_2026.csv | https://github.com/nflverse/nflverse-data/releases/download/players/players.csv | https://hashtagfootball.com/fantasy-football-adp-yahoo | https://www.nbcsports.com/fantasy/football/news/draftkings-2026-best-ball-rankings-jahmyr-gibbs-is-your-new-1-01 | https://www.fftoday.com/rankings/26-adp-half-ppr.html | https://www.footballguys.com/adp?season=2026
,126,Kyler Murray,00-0035228,MIN,QB,118.2,$6.84,18,15.6,Active,,2026-09-09,https://github.com/nflverse/nflverse-data/releases/download/rosters/roster_2026.csv | https://github.com/nflverse/nflverse-data/releases/download/players/players.csv | https://hashtagfootball.com/fantasy-football-adp-yahoo | https://www.nbcsports.com/fantasy/football/news/draftkings-2026-best-ball-rankings-jahmyr-gibbs-is-your-new-1-01 | https://www.fftoday.com/rankings/26-adp-half-ppr.html | https://www.footballguys.com/adp?season=2026
,127,Jared Goff,00-0033106,DET,QB,108.7,$6.76,19,15.6,Active,,2026-09-09,https://github.com/nflverse/nflverse-data/releases/download/rosters/roster_2026.csv | https://github.com/nflverse/nflverse-data/releases/download/players/players.csv | https://hashtagfootball.com/fantasy-football-adp-yahoo | https://www.nbcsports.com/fantasy/football/news/draftkings-2026-best-ball-rankings-jahmyr-gibbs-is-your-new-1-01 | https://www.fftoday.com/rankings/26-adp-half-ppr.html | https://www.footballguys.com/adp?season=2026
,128,Dallas Goedert,00-0034351,PHI,TE,119.8,$6.75,15,7.06,Active,,2026-09-09,https://github.com/nflverse/nflverse-data/releases/download/rosters/roster_2026.csv | https://github.com/nflverse/nflverse-data/releases/download/players/players.csv | https://hashtagfootball.com/fantasy-football-adp-yahoo | https://www.nbcsports.com/fantasy/football/news/draftkings-2026-best-ball-rankings-jahmyr-gibbs-is-your-new-1-01 | https://www.fftoday.com/rankings/26-adp-half-ppr.html | https://www.footballguys.com/adp?season=2026
,129,Caleb Douglas,00-0041523,MIA,WR,185.6,$6.63,52,6.79,Active,,2026-09-09,https://github.com/nflverse/nflverse-data/releases/download/rosters/roster_2026.csv | https://github.com/nflverse/nflverse-data/releases/download/players/players.csv | https://hashtagfootball.com/fantasy-football-adp-yahoo | https://www.nbcsports.com/fantasy/football/news/draftkings-2026-best-ball-rankings-jahmyr-gibbs-is-your-new-1-01 | https://www.fftoday.com/rankings/26-adp-half-ppr.html | https://www.footballguys.com/adp?season=2026
,130,Keenan Allen,00-0030279,IND,WR,163.4,$6.55,53,6.76,Active,,2026-09-09,https://github.com/nflverse/nflverse-data/releases/download/rosters/roster_2026.csv | https://github.com/nflverse/nflverse-data/releases/download/players/players.csv | https://hashtagfootball.com/fantasy-football-adp-yahoo | https://www.nbcsports.com/fantasy/football/news/draftkings-2026-best-ball-rankings-jahmyr-gibbs-is-your-new-1-01 | https://www.fftoday.com/rankings/26-adp-half-ppr.html | https://www.footballguys.com/adp?season=2026
,131,Brock Purdy,00-0037834,SF,QB,103.5,$6.51,20,15.4,Active,,2026-09-09,https://github.com/nflverse/nflverse-data/releases/download/rosters/roster_2026.csv | https://github.com/nflverse/nflverse-data/releases/download/players/players.csv | https://hashtagfootball.com/fantasy-football-adp-yahoo | https://www.nbcsports.com/fantasy/football/news/draftkings-2026-best-ball-rankings-jahmyr-gibbs-is-your-new-1-01 | https://www.fftoday.com/rankings/26-adp-half-ppr.html | https://www.footballguys.com/adp?season=2026
,132,Matthew Stafford,00-0026498,LAR,QB,101.6,$6.49,21,15.4,Active,,2026-09-09,https://github.com/nflverse/nflverse-data/releases/download/rosters/roster_2026.csv | https://github.com/nflverse/nflverse-data/releases/download/players/players.csv | https://hashtagfootball.com/fantasy-football-adp-yahoo | https://www.nbcsports.com/fantasy/football/news/draftkings-2026-best-ball-rankings-jahmyr-gibbs-is-your-new-1-01 | https://www.fftoday.com/rankings/26-adp-half-ppr.html | https://www.footballguys.com/adp?season=2026
,133,Matthew Golden,00-0040667,GB,WR,106.9,$6.29,54,6.68,Active,,2026-09-09,https://github.com/nflverse/nflverse-data/releases/download/rosters/roster_2026.csv | https://github.com/nflverse/nflverse-data/releases/download/players/players.csv | https://hashtagfootball.com/fantasy-football-adp-yahoo | https://www.nbcsports.com/fantasy/football/news/draftkings-2026-best-ball-rankings-jahmyr-gibbs-is-your-new-1-01 | https://www.fftoday.com/rankings/26-adp-half-ppr.html | https://www.footballguys.com/adp?season=2026
,134,Romeo Doubs,00-0037816,NE,WR,119.7,$6.20,55,6.65,Active,,2026-09-09,https://github.com/nflverse/nflverse-data/releases/download/rosters/roster_2026.csv | https://github.com/nflverse/nflverse-data/releases/download/players/players.csv | https://hashtagfootball.com/fantasy-football-adp-yahoo | https://www.nbcsports.com/fantasy/football/news/draftkings-2026-best-ball-rankings-jahmyr-gibbs-is-your-new-1-01 | https://www.fftoday.com/rankings/26-adp-half-ppr.html | https://www.footballguys.com/adp?season=2026
,135,Cyrus Allen,00-0040890,KC,WR,180.2,$6.03,56,6.6,Active,,2026-09-09,https://github.com/nflverse/nflverse-data/releases/download/rosters/roster_2026.csv | https://github.com/nflverse/nflverse-data/releases/download/players/players.csv | https://hashtagfootball.com/fantasy-football-adp-yahoo | https://www.nbcsports.com/fantasy/football/news/draftkings-2026-best-ball-rankings-jahmyr-gibbs-is-your-new-1-01 | https://www.fftoday.com/rankings/26-adp-half-ppr.html | https://www.footballguys.com/adp?season=2026
,136,Jonah Coleman,00-0041496,DEN,RB,137.9,$6.00,44,7.59,Active,,2026-09-09,https://github.com/nflverse/nflverse-data/releases/download/rosters/roster_2026.csv | https://github.com/nflverse/nflverse-data/releases/download/players/players.csv | https://hashtagfootball.com/fantasy-football-adp-yahoo | https://www.nbcsports.com/fantasy/football/news/draftkings-2026-best-ball-rankings-jahmyr-gibbs-is-your-new-1-01 | https://www.fftoday.com/rankings/26-adp-half-ppr.html | https://www.footballguys.com/adp?season=2026
,137,Sam Darnold,00-0034869,SEA,QB,137.9,$5.83,22,15,Active,,2026-09-09,https://github.com/nflverse/nflverse-data/releases/download/rosters/roster_2026.csv | https://github.com/nflverse/nflverse-data/releases/download/players/players.csv | https://hashtagfootball.com/fantasy-football-adp-yahoo | https://www.nbcsports.com/fantasy/football/news/draftkings-2026-best-ball-rankings-jahmyr-gibbs-is-your-new-1-01 | https://www.fftoday.com/rankings/26-adp-half-ppr.html | https://www.footballguys.com/adp?season=2026
,138,C.J. Stroud,00-0039163,HOU,QB,145.6,$5.67,23,14.9,Active,,2026-09-09,https://github.com/nflverse/nflverse-data/releases/download/rosters/roster_2026.csv | https://github.com/nflverse/nflverse-data/releases/download/players/players.csv | https://hashtagfootball.com/fantasy-football-adp-yahoo | https://www.nbcsports.com/fantasy/football/news/draftkings-2026-best-ball-rankings-jahmyr-gibbs-is-your-new-1-01 | https://www.fftoday.com/rankings/26-adp-half-ppr.html | https://www.footballguys.com/adp?season=2026
,139,Tyjae Spears,00-0039032,TEN,RB,145.4,$5.65,45,7.48,Active,,2026-09-09,https://github.com/nflverse/nflverse-data/releases/download/rosters/roster_2026.csv | https://github.com/nflverse/nflverse-data/releases/download/players/players.csv | https://hashtagfootball.com/fantasy-football-adp-yahoo | https://www.nbcsports.com/fantasy/football/news/draftkings-2026-best-ball-rankings-jahmyr-gibbs-is-your-new-1-01 | https://www.fftoday.com/rankings/26-adp-half-ppr.html | https://www.footballguys.com/adp?season=2026
,140,Tyler Allgeier,00-0037263,ARI,RB,134.2,$5.46,46,7.42,Active,,2026-09-09,https://github.com/nflverse/nflverse-data/releases/download/rosters/roster_2026.csv | https://github.com/nflverse/nflverse-data/releases/download/players/players.csv | https://hashtagfootball.com/fantasy-football-adp-yahoo | https://www.nbcsports.com/fantasy/football/news/draftkings-2026-best-ball-rankings-jahmyr-gibbs-is-your-new-1-01 | https://www.fftoday.com/rankings/26-adp-half-ppr.html | https://www.footballguys.com/adp?season=2026
,141,Rashid Shaheed,00-0037545,SEA,WR,132.1,$5.41,57,6.4,Active,,2026-09-09,https://github.com/nflverse/nflverse-data/releases/download/rosters/roster_2026.csv | https://github.com/nflverse/nflverse-data/releases/download/players/players.csv | https://hashtagfootball.com/fantasy-football-adp-yahoo | https://www.nbcsports.com/fantasy/football/news/draftkings-2026-best-ball-rankings-jahmyr-gibbs-is-your-new-1-01 | https://www.fftoday.com/rankings/26-adp-half-ppr.html | https://www.footballguys.com/adp?season=2026
,142,Fernando Mendoza,00-0041562,LV,QB,177.4,$5.26,24,14.7,Active,,2026-09-09,https://github.com/nflverse/nflverse-data/releases/download/rosters/roster_2026.csv | https://github.com/nflverse/nflverse-data/releases/download/players/players.csv | https://hashtagfootball.com/fantasy-football-adp-yahoo | https://www.nbcsports.com/fantasy/football/news/draftkings-2026-best-ball-rankings-jahmyr-gibbs-is-your-new-1-01 | https://www.fftoday.com/rankings/26-adp-half-ppr.html | https://www.footballguys.com/adp?season=2026
,143,Sean Tucker,00-0038951,TB,RB,222.8,$5.23,47,7.35,Active,,2026-09-09,https://github.com/nflverse/nflverse-data/releases/download/rosters/roster_2026.csv | https://github.com/nflverse/nflverse-data/releases/download/players/players.csv | https://hashtagfootball.com/fantasy-football-adp-yahoo | https://www.nbcsports.com/fantasy/football/news/draftkings-2026-best-ball-rankings-jahmyr-gibbs-is-your-new-1-01 | https://www.fftoday.com/rankings/26-adp-half-ppr.html | https://www.footballguys.com/adp?season=2026
,144,Josh Downs,00-0038997,IND,WR,94.1,$5.21,58,6.34,Active,,2026-09-09,https://github.com/nflverse/nflverse-data/releases/download/rosters/roster_2026.csv | https://github.com/nflverse/nflverse-data/releases/download/players/players.csv | https://hashtagfootball.com/fantasy-football-adp-yahoo | https://www.nbcsports.com/fantasy/football/news/draftkings-2026-best-ball-rankings-jahmyr-gibbs-is-your-new-1-01 | https://www.fftoday.com/rankings/26-adp-half-ppr.html | https://www.footballguys.com/adp?season=2026
,145,Ja'Kobi Lane,00-0040870,BAL,WR,153.4,$5.20,59,6.34,Active,,2026-09-09,https://github.com/nflverse/nflverse-data/releases/download/rosters/roster_2026.csv | https://github.com/nflverse/nflverse-data/releases/download/players/players.csv | https://hashtagfootball.com/fantasy-football-adp-yahoo | https://www.nbcsports.com/fantasy/football/news/draftkings-2026-best-ball-rankings-jahmyr-gibbs-is-your-new-1-01 | https://www.fftoday.com/rankings/26-adp-half-ppr.html | https://www.footballguys.com/adp?season=2026
,146,Tyrone Tracy Jr.,00-0039384,NYG,RB,156.5,$5.06,48,7.3,Active,,2026-09-09,https://github.com/nflverse/nflverse-data/releases/download/rosters/roster_2026.csv | https://github.com/nflverse/nflverse-data/releases/download/players/players.csv | https://hashtagfootball.com/fantasy-football-adp-yahoo | https://www.nbcsports.com/fantasy/football/news/draftkings-2026-best-ball-rankings-jahmyr-gibbs-is-your-new-1-01 | https://www.fftoday.com/rankings/26-adp-half-ppr.html | https://www.footballguys.com/adp?season=2026
,147,Khalil Shakir,00-0037261,BUF,WR,129.3,$4.91,60,6.25,Active,,2026-09-09,https://github.com/nflverse/nflverse-data/releases/download/rosters/roster_2026.csv | https://github.com/nflverse/nflverse-data/releases/download/players/players.csv | https://hashtagfootball.com/fantasy-football-adp-yahoo | https://www.nbcsports.com/fantasy/football/news/draftkings-2026-best-ball-rankings-jahmyr-gibbs-is-your-new-1-01 | https://www.fftoday.com/rankings/26-adp-half-ppr.html | https://www.footballguys.com/adp?season=2026
,148,Bryce Young,00-0039150,CAR,QB,158.7,$4.85,25,14.4,Active,,2026-09-09,https://github.com/nflverse/nflverse-data/releases/download/rosters/roster_2026.csv | https://github.com/nflverse/nflverse-data/releases/download/players/players.csv | https://hashtagfootball.com/fantasy-football-adp-yahoo | https://www.nbcsports.com/fantasy/football/news/draftkings-2026-best-ball-rankings-jahmyr-gibbs-is-your-new-1-01 | https://www.fftoday.com/rankings/26-adp-half-ppr.html | https://www.footballguys.com/adp?season=2026
,149,Dalton Kincaid,00-0038933,BUF,TE,109.1,$4.81,16,6.54,Active,,2026-09-09,https://github.com/nflverse/nflverse-data/releases/download/rosters/roster_2026.csv | https://github.com/nflverse/nflverse-data/releases/download/players/players.csv | https://hashtagfootball.com/fantasy-football-adp-yahoo | https://www.nbcsports.com/fantasy/football/news/draftkings-2026-best-ball-rankings-jahmyr-gibbs-is-your-new-1-01 | https://www.fftoday.com/rankings/26-adp-half-ppr.html | https://www.footballguys.com/adp?season=2026
,150,Tre Tucker,00-0038563,LV,WR,142.6,$4.73,61,6.19,Active,,2026-09-09,https://github.com/nflverse/nflverse-data/releases/download/rosters/roster_2026.csv | https://github.com/nflverse/nflverse-data/releases/download/players/players.csv | https://hashtagfootball.com/fantasy-football-adp-yahoo | https://www.nbcsports.com/fantasy/football/news/draftkings-2026-best-ball-rankings-jahmyr-gibbs-is-your-new-1-01 | https://www.fftoday.com/rankings/26-adp-half-ppr.html | https://www.footballguys.com/adp?season=2026
,151,Jalen McMillan,00-0039855,TB,WR,158.9,$4.48,62,6.11,Active,,2026-09-09,https://github.com/nflverse/nflverse-data/releases/download/rosters/roster_2026.csv | https://github.com/nflverse/nflverse-data/releases/download/players/players.csv | https://hashtagfootball.com/fantasy-football-adp-yahoo | https://www.nbcsports.com/fantasy/football/news/draftkings-2026-best-ball-rankings-jahmyr-gibbs-is-your-new-1-01 | https://www.fftoday.com/rankings/26-adp-half-ppr.html | https://www.footballguys.com/adp?season=2026
,152,Aaron Rodgers,00-0023459,PIT,QB,168.8,$4.36,26,14.1,Active,,2026-09-09,https://github.com/nflverse/nflverse-data/releases/download/rosters/roster_2026.csv | https://github.com/nflverse/nflverse-data/releases/download/players/players.csv | https://hashtagfootball.com/fantasy-football-adp-yahoo | https://www.nbcsports.com/fantasy/football/news/draftkings-2026-best-ball-rankings-jahmyr-gibbs-is-your-new-1-01 | https://www.fftoday.com/rankings/26-adp-half-ppr.html | https://www.footballguys.com/adp?season=2026
,153,Tyler Shough,00-0040743,NO,QB,127.8,$4.34,27,14.1,Active,,2026-09-09,https://github.com/nflverse/nflverse-data/releases/download/rosters/roster_2026.csv | https://github.com/nflverse/nflverse-data/releases/download/players/players.csv | https://hashtagfootball.com/fantasy-football-adp-yahoo | https://www.nbcsports.com/fantasy/football/news/draftkings-2026-best-ball-rankings-jahmyr-gibbs-is-your-new-1-01 | https://www.fftoday.com/rankings/26-adp-half-ppr.html | https://www.footballguys.com/adp?season=2026
,154,T.J. Hockenson,00-0035229,MIN,TE,160.7,$4.07,17,6.34,Active,,2026-09-09,https://github.com/nflverse/nflverse-data/releases/download/rosters/roster_2026.csv | https://github.com/nflverse/nflverse-data/releases/download/players/players.csv | https://hashtagfootball.com/fantasy-football-adp-yahoo | https://www.nbcsports.com/fantasy/football/news/draftkings-2026-best-ball-rankings-jahmyr-gibbs-is-your-new-1-01 | https://www.fftoday.com/rankings/26-adp-half-ppr.html | https://www.footballguys.com/adp?season=2026
,155,Isaiah Likely,00-0037838,NYG,TE,117.2,$3.90,18,6.29,Active,,2026-09-09,https://github.com/nflverse/nflverse-data/releases/download/rosters/roster_2026.csv | https://github.com/nflverse/nflverse-data/releases/download/players/players.csv | https://hashtagfootball.com/fantasy-football-adp-yahoo | https://www.nbcsports.com/fantasy/football/news/draftkings-2026-best-ball-rankings-jahmyr-gibbs-is-your-new-1-01 | https://www.fftoday.com/rankings/26-adp-half-ppr.html | https://www.footballguys.com/adp?season=2026
,156,Darnell Washington,00-0038558,PIT,TE,236.6,$3.80,19,6.27,Active,,2026-09-09,https://github.com/nflverse/nflverse-data/releases/download/rosters/roster_2026.csv | https://github.com/nflverse/nflverse-data/releases/download/players/players.csv | https://www.nbcsports.com/fantasy/football/news/draftkings-2026-best-ball-rankings-jahmyr-gibbs-is-your-new-1-01 | https://www.fftoday.com/rankings/26-adp-half-ppr.html
,157,Travis Hunter,00-0040718,JAC,WR,170.1,$3.69,63,5.86,Active,,2026-09-09,https://github.com/nflverse/nflverse-data/releases/download/rosters/roster_2026.csv | https://github.com/nflverse/nflverse-data/releases/download/players/players.csv | https://hashtagfootball.com/fantasy-football-adp-yahoo | https://www.nbcsports.com/fantasy/football/news/draftkings-2026-best-ball-rankings-jahmyr-gibbs-is-your-new-1-01 | https://www.fftoday.com/rankings/26-adp-half-ppr.html | https://www.footballguys.com/adp?season=2026
,158,Jalen Coker,00-0039491,CAR,WR,128.2,$3.61,64,5.84,Active,,2026-09-09,https://github.com/nflverse/nflverse-data/releases/download/rosters/roster_2026.csv | https://github.com/nflverse/nflverse-data/releases/download/players/players.csv | https://hashtagfootball.com/fantasy-football-adp-yahoo | https://www.nbcsports.com/fantasy/football/news/draftkings-2026-best-ball-rankings-jahmyr-gibbs-is-your-new-1-01 | https://www.fftoday.com/rankings/26-adp-half-ppr.html | https://www.footballguys.com/adp?season=2026
,159,Wan'Dale Robinson,00-0038117,TEN,WR,112.4,$3.54,65,5.82,Active,,2026-09-09,https://github.com/nflverse/nflverse-data/releases/download/rosters/roster_2026.csv | https://github.com/nflverse/nflverse-data/releases/download/players/players.csv | https://hashtagfootball.com/fantasy-football-adp-yahoo | https://www.nbcsports.com/fantasy/football/news/draftkings-2026-best-ball-rankings-jahmyr-gibbs-is-your-new-1-01 | https://www.fftoday.com/rankings/26-adp-half-ppr.html | https://www.footballguys.com/adp?season=2026
,160,AJ Barner,00-0039793,SEA,TE,167.2,$3.50,20,6.19,Active,,2026-09-09,https://github.com/nflverse/nflverse-data/releases/download/rosters/roster_2026.csv | https://github.com/nflverse/nflverse-data/releases/download/players/players.csv | https://hashtagfootball.com/fantasy-football-adp-yahoo | https://www.nbcsports.com/fantasy/football/news/draftkings-2026-best-ball-rankings-jahmyr-gibbs-is-your-new-1-01 | https://www.fftoday.com/rankings/26-adp-half-ppr.html | https://www.footballguys.com/adp?season=2026
,161,Jalen Royals,00-0040646,KC,WR,376,$3.44,66,5.78,Active,,2026-09-09,https://github.com/nflverse/nflverse-data/releases/download/rosters/roster_2026.csv | https://github.com/nflverse/nflverse-data/releases/download/players/players.csv | https://www.nbcsports.com/fantasy/football/news/draftkings-2026-best-ball-rankings-jahmyr-gibbs-is-your-new-1-01 | https://www.footballguys.com/adp?season=2026
,162,Oronde Gadsden II,00-0040189,LAC,TE,171.5,$3.22,21,6.11,Active,,2026-09-09,https://github.com/nflverse/nflverse-data/releases/download/rosters/roster_2026.csv | https://github.com/nflverse/nflverse-data/releases/download/players/players.csv | https://hashtagfootball.com/fantasy-football-adp-yahoo | https://www.nbcsports.com/fantasy/football/news/draftkings-2026-best-ball-rankings-jahmyr-gibbs-is-your-new-1-01 | https://www.fftoday.com/rankings/26-adp-half-ppr.html | https://www.footballguys.com/adp?season=2026
,163,Isaac TeSlaa,00-0040669,DET,WR,178.8,$3.19,67,5.7,Active,,2026-09-09,https://github.com/nflverse/nflverse-data/releases/download/rosters/roster_2026.csv | https://github.com/nflverse/nflverse-data/releases/download/players/players.csv | https://hashtagfootball.com/fantasy-football-adp-yahoo | https://www.nbcsports.com/fantasy/football/news/draftkings-2026-best-ball-rankings-jahmyr-gibbs-is-your-new-1-01 | https://www.fftoday.com/rankings/26-adp-half-ppr.html | https://www.footballguys.com/adp?season=2026
,164,Tyreek Hill,00-0033040,FA,WR,240.3,$3.12,68,5.68,Free Agent,,2026-09-09,https://github.com/nflverse/nflverse-data/releases/download/rosters/roster_2026.csv | https://github.com/nflverse/nflverse-data/releases/download/players/players.csv | https://www.nbcsports.com/fantasy/football/news/draftkings-2026-best-ball-rankings-jahmyr-gibbs-is-your-new-1-01 | https://www.fftoday.com/rankings/26-adp-half-ppr.html | https://www.footballguys.com/adp?season=2026
,165,Malachi Fields,00-0041042,NYG,WR,199.1,$3.04,69,5.66,Active,,2026-09-09,https://github.com/nflverse/nflverse-data/releases/download/rosters/roster_2026.csv | https://github.com/nflverse/nflverse-data/releases/download/players/players.csv | https://hashtagfootball.com/fantasy-football-adp-yahoo | https://www.nbcsports.com/fantasy/football/news/draftkings-2026-best-ball-rankings-jahmyr-gibbs-is-your-new-1-01 | https://www.fftoday.com/rankings/26-adp-half-ppr.html | https://www.footballguys.com/adp?season=2026
,166,Cooper Kupp,00-0033908,SEA,WR,191,$2.95,70,5.63,Active,,2026-09-09,https://github.com/nflverse/nflverse-data/releases/download/rosters/roster_2026.csv | https://github.com/nflverse/nflverse-data/releases/download/players/players.csv | https://hashtagfootball.com/fantasy-football-adp-yahoo | https://www.nbcsports.com/fantasy/football/news/draftkings-2026-best-ball-rankings-jahmyr-gibbs-is-your-new-1-01 | https://www.fftoday.com/rankings/26-adp-half-ppr.html | https://www.footballguys.com/adp?season=2026
,167,Ray Davis,00-0039875,BUF,RB,170.8,$2.79,49,6.61,Active,,2026-09-09,https://github.com/nflverse/nflverse-data/releases/download/rosters/roster_2026.csv | https://github.com/nflverse/nflverse-data/releases/download/players/players.csv | https://hashtagfootball.com/fantasy-football-adp-yahoo | https://www.nbcsports.com/fantasy/football/news/draftkings-2026-best-ball-rankings-jahmyr-gibbs-is-your-new-1-01 | https://www.fftoday.com/rankings/26-adp-half-ppr.html | https://www.footballguys.com/adp?season=2026
,168,Jaylen Wright,00-0039874,MIA,RB,233.3,$2.78,50,6.61,Active,,2026-09-09,https://github.com/nflverse/nflverse-data/releases/download/rosters/roster_2026.csv | https://github.com/nflverse/nflverse-data/releases/download/players/players.csv | https://www.nbcsports.com/fantasy/football/news/draftkings-2026-best-ball-rankings-jahmyr-gibbs-is-your-new-1-01 | https://www.fftoday.com/rankings/26-adp-half-ppr.html | https://www.footballguys.com/adp?season=2026
,169,Pat Freiermuth,00-0036894,PIT,TE,187.9,$2.75,22,5.99,Active,,2026-09-09,https://github.com/nflverse/nflverse-data/releases/download/rosters/roster_2026.csv | https://github.com/nflverse/nflverse-data/releases/download/players/players.csv | https://hashtagfootball.com/fantasy-football-adp-yahoo | https://www.nbcsports.com/fantasy/football/news/draftkings-2026-best-ball-rankings-jahmyr-gibbs-is-your-new-1-01 | https://www.fftoday.com/rankings/26-adp-half-ppr.html | https://www.footballguys.com/adp?season=2026
,170,Tre Harris,00-0040727,LAC,WR,172.9,$2.74,71,5.56,Active,,2026-09-09,https://github.com/nflverse/nflverse-data/releases/download/rosters/roster_2026.csv | https://github.com/nflverse/nflverse-data/releases/download/players/players.csv | https://hashtagfootball.com/fantasy-football-adp-yahoo | https://www.nbcsports.com/fantasy/football/news/draftkings-2026-best-ball-rankings-jahmyr-gibbs-is-your-new-1-01 | https://www.fftoday.com/rankings/26-adp-half-ppr.html | https://www.footballguys.com/adp?season=2026
,171,Deebo Samuel Sr.,00-0035719,SF,WR,129.7,$2.62,72,5.53,Active,,2026-09-09,https://github.com/nflverse/nflverse-data/releases/download/rosters/roster_2026.csv | https://github.com/nflverse/nflverse-data/releases/download/players/players.csv | https://hashtagfootball.com/fantasy-football-adp-yahoo | https://www.nbcsports.com/fantasy/football/news/draftkings-2026-best-ball-rankings-jahmyr-gibbs-is-your-new-1-01 | https://www.fftoday.com/rankings/26-adp-half-ppr.html | https://www.footballguys.com/adp?season=2026
,172,Samaje Perine,00-0033526,CIN,RB,234.3,$2.60,51,6.55,Active,,2026-09-09,https://github.com/nflverse/nflverse-data/releases/download/rosters/roster_2026.csv | https://github.com/nflverse/nflverse-data/releases/download/players/players.csv | https://hashtagfootball.com/fantasy-football-adp-yahoo | https://www.nbcsports.com/fantasy/football/news/draftkings-2026-best-ball-rankings-jahmyr-gibbs-is-your-new-1-01 | https://www.fftoday.com/rankings/26-adp-half-ppr.html | https://www.footballguys.com/adp?season=2026
,173,Chig Okonkwo,00-0037809,WAS,TE,145.2,$2.50,23,5.92,Active,,2026-09-09,https://github.com/nflverse/nflverse-data/releases/download/rosters/roster_2026.csv | https://github.com/nflverse/nflverse-data/releases/download/players/players.csv | https://hashtagfootball.com/fantasy-football-adp-yahoo | https://www.nbcsports.com/fantasy/football/news/draftkings-2026-best-ball-rankings-jahmyr-gibbs-is-your-new-1-01 | https://www.fftoday.com/rankings/26-adp-half-ppr.html | https://www.footballguys.com/adp?season=2026
,174,Keaton Mitchell,00-0038454,LAC,RB,137.1,$2.47,52,6.51,Active,,2026-09-09,https://github.com/nflverse/nflverse-data/releases/download/rosters/roster_2026.csv | https://github.com/nflverse/nflverse-data/releases/download/players/players.csv | https://hashtagfootball.com/fantasy-football-adp-yahoo | https://www.nbcsports.com/fantasy/football/news/draftkings-2026-best-ball-rankings-jahmyr-gibbs-is-your-new-1-01 | https://www.fftoday.com/rankings/26-adp-half-ppr.html | https://www.footballguys.com/adp?season=2026
,175,Zachariah Branch,00-0041044,ATL,WR,211.4,$2.43,73,5.47,Active,,2026-09-09,https://github.com/nflverse/nflverse-data/releases/download/rosters/roster_2026.csv | https://github.com/nflverse/nflverse-data/releases/download/players/players.csv | https://hashtagfootball.com/fantasy-football-adp-yahoo | https://www.nbcsports.com/fantasy/football/news/draftkings-2026-best-ball-rankings-jahmyr-gibbs-is-your-new-1-01 | https://www.fftoday.com/rankings/26-adp-half-ppr.html | https://www.footballguys.com/adp?season=2026
,176,Mike Washington Jr.,00-0040878,LV,RB,133.7,$2.31,53,6.46,Active,,2026-09-09,https://github.com/nflverse/nflverse-data/releases/download/rosters/roster_2026.csv | https://github.com/nflverse/nflverse-data/releases/download/players/players.csv | https://hashtagfootball.com/fantasy-football-adp-yahoo | https://www.nbcsports.com/fantasy/football/news/draftkings-2026-best-ball-rankings-jahmyr-gibbs-is-your-new-1-01 | https://www.fftoday.com/rankings/26-adp-half-ppr.html | https://www.footballguys.com/adp?season=2026
,177,Kaleb Johnson,00-0040142,GB,RB,223.4,$2.23,54,6.44,Active,,2026-09-09,https://github.com/nflverse/nflverse-data/releases/download/rosters/roster_2026.csv | https://github.com/nflverse/nflverse-data/releases/download/players/players.csv | https://hashtagfootball.com/fantasy-football-adp-yahoo | https://www.nbcsports.com/fantasy/football/news/draftkings-2026-best-ball-rankings-jahmyr-gibbs-is-your-new-1-01 | https://www.fftoday.com/rankings/26-adp-half-ppr.html | https://www.footballguys.com/adp?season=2026
,178,Brenton Strange,00-0038935,JAC,TE,144.4,$2.21,24,5.84,Active,,2026-09-09,https://github.com/nflverse/nflverse-data/releases/download/rosters/roster_2026.csv | https://github.com/nflverse/nflverse-data/releases/download/players/players.csv | https://hashtagfootball.com/fantasy-football-adp-yahoo | https://www.nbcsports.com/fantasy/football/news/draftkings-2026-best-ball-rankings-jahmyr-gibbs-is-your-new-1-01 | https://www.fftoday.com/rankings/26-adp-half-ppr.html | https://www.footballguys.com/adp?season=2026
,179,Tory Horton,00-0040648,SEA,WR,315.3,$2.16,74,5.38,Active,,2026-09-09,https://github.com/nflverse/nflverse-data/releases/download/rosters/roster_2026.csv | https://github.com/nflverse/nflverse-data/releases/download/players/players.csv | https://www.nbcsports.com/fantasy/football/news/draftkings-2026-best-ball-rankings-jahmyr-gibbs-is-your-new-1-01 | https://www.fftoday.com/rankings/26-adp-half-ppr.html | https://www.footballguys.com/adp?season=2026
,180,Isiah Pacheco,00-0037197,DET,RB,176.8,$2.15,55,6.42,Reserve,,2026-09-09,https://github.com/nflverse/nflverse-data/releases/download/rosters/roster_2026.csv | https://github.com/nflverse/nflverse-data/releases/download/players/players.csv | https://hashtagfootball.com/fantasy-football-adp-yahoo | https://www.nbcsports.com/fantasy/football/news/draftkings-2026-best-ball-rankings-jahmyr-gibbs-is-your-new-1-01 | https://www.fftoday.com/rankings/26-adp-half-ppr.html | https://www.footballguys.com/adp?season=2026
,181,Jakobi Meyers,00-0034960,JAC,WR,122.3,$2.15,75,5.38,Active,,2026-09-09,https://github.com/nflverse/nflverse-data/releases/download/rosters/roster_2026.csv | https://github.com/nflverse/nflverse-data/releases/download/players/players.csv | https://hashtagfootball.com/fantasy-football-adp-yahoo | https://www.nbcsports.com/fantasy/football/news/draftkings-2026-best-ball-rankings-jahmyr-gibbs-is-your-new-1-01 | https://www.fftoday.com/rankings/26-adp-half-ppr.html | https://www.footballguys.com/adp?season=2026
,182,Zach Ertz,00-0030061,FA,TE,363.7,$1.94,25,5.77,Free Agent,,2026-09-09,https://github.com/nflverse/nflverse-data/releases/download/rosters/roster_2026.csv | https://github.com/nflverse/nflverse-data/releases/download/players/players.csv | https://www.nbcsports.com/fantasy/football/news/draftkings-2026-best-ball-rankings-jahmyr-gibbs-is-your-new-1-01 | https://www.fftoday.com/rankings/26-adp-half-ppr.html | https://www.footballguys.com/adp?season=2026
,183,Ted Hurst III,00-0041048,TB,WR,220.4,$1.91,76,5.3,Active,,2026-09-09,https://github.com/nflverse/nflverse-data/releases/download/rosters/roster_2026.csv | https://github.com/nflverse/nflverse-data/releases/download/players/players.csv | https://hashtagfootball.com/fantasy-football-adp-yahoo | https://www.nbcsports.com/fantasy/football/news/draftkings-2026-best-ball-rankings-jahmyr-gibbs-is-your-new-1-01 | https://www.fftoday.com/rankings/26-adp-half-ppr.html | https://www.footballguys.com/adp?season=2026
,184,Cade Otton,00-0038129,TB,TE,201.8,$1.69,26,5.7,Active,,2026-09-09,https://github.com/nflverse/nflverse-data/releases/download/rosters/roster_2026.csv | https://github.com/nflverse/nflverse-data/releases/download/players/players.csv | https://www.nbcsports.com/fantasy/football/news/draftkings-2026-best-ball-rankings-jahmyr-gibbs-is-your-new-1-01 | https://www.fftoday.com/rankings/26-adp-half-ppr.html | https://www.footballguys.com/adp?season=2026
,185,Alvin Kamara,00-0033906,NO,RB,170.8,$1.68,56,6.27,Active,,2026-09-09,https://github.com/nflverse/nflverse-data/releases/download/rosters/roster_2026.csv | https://github.com/nflverse/nflverse-data/releases/download/players/players.csv | https://hashtagfootball.com/fantasy-football-adp-yahoo | https://www.nbcsports.com/fantasy/football/news/draftkings-2026-best-ball-rankings-jahmyr-gibbs-is-your-new-1-01 | https://www.fftoday.com/rankings/26-adp-half-ppr.html | https://www.footballguys.com/adp?season=2026
,186,Emmett Johnson,00-0041013,KC,RB,157,$1.66,57,6.26,Active,,2026-09-09,https://github.com/nflverse/nflverse-data/releases/download/rosters/roster_2026.csv | https://github.com/nflverse/nflverse-data/releases/download/players/players.csv | https://hashtagfootball.com/fantasy-football-adp-yahoo | https://www.nbcsports.com/fantasy/football/news/draftkings-2026-best-ball-rankings-jahmyr-gibbs-is-your-new-1-01 | https://www.fftoday.com/rankings/26-adp-half-ppr.html | https://www.footballguys.com/adp?season=2026
,187,Geno Smith,00-0030565,NYJ,QB,206.1,$1.63,28,12.5,Active,,2026-09-09,https://github.com/nflverse/nflverse-data/releases/download/rosters/roster_2026.csv | https://github.com/nflverse/nflverse-data/releases/download/players/players.csv | https://hashtagfootball.com/fantasy-football-adp-yahoo | https://www.nbcsports.com/fantasy/football/news/draftkings-2026-best-ball-rankings-jahmyr-gibbs-is-your-new-1-01 | https://www.fftoday.com/rankings/26-adp-half-ppr.html | https://www.footballguys.com/adp?season=2026
,188,Jacoby Brissett,00-0033119,ARI,QB,190.9,$1.61,29,12.5,Active,,2026-09-09,https://github.com/nflverse/nflverse-data/releases/download/rosters/roster_2026.csv | https://github.com/nflverse/nflverse-data/releases/download/players/players.csv | https://hashtagfootball.com/fantasy-football-adp-yahoo | https://www.nbcsports.com/fantasy/football/news/draftkings-2026-best-ball-rankings-jahmyr-gibbs-is-your-new-1-01 | https://www.fftoday.com/rankings/26-adp-half-ppr.html | https://www.footballguys.com/adp?season=2026
,189,Elijah Arroyo,00-0040739,SEA,TE,324,$1.59,27,5.68,Active,,2026-09-09,https://github.com/nflverse/nflverse-data/releases/download/rosters/roster_2026.csv | https://github.com/nflverse/nflverse-data/releases/download/players/players.csv | https://www.nbcsports.com/fantasy/football/news/draftkings-2026-best-ball-rankings-jahmyr-gibbs-is-your-new-1-01 | https://www.fftoday.com/rankings/26-adp-half-ppr.html
,190,Zach Charbonnet,00-0039165,SEA,RB,150.5,$1.58,58,6.24,Reserve,,2026-09-09,https://github.com/nflverse/nflverse-data/releases/download/rosters/roster_2026.csv | https://github.com/nflverse/nflverse-data/releases/download/players/players.csv | https://hashtagfootball.com/fantasy-football-adp-yahoo | https://www.nbcsports.com/fantasy/football/news/draftkings-2026-best-ball-rankings-jahmyr-gibbs-is-your-new-1-01 | https://www.fftoday.com/rankings/26-adp-half-ppr.html | https://www.footballguys.com/adp?season=2026
,191,Kaelon Black,00-0041052,SF,RB,168.8,$1.51,59,6.22,Active,,2026-09-09,https://github.com/nflverse/nflverse-data/releases/download/rosters/roster_2026.csv | https://github.com/nflverse/nflverse-data/releases/download/players/players.csv | https://hashtagfootball.com/fantasy-football-adp-yahoo | https://www.nbcsports.com/fantasy/football/news/draftkings-2026-best-ball-rankings-jahmyr-gibbs-is-your-new-1-01 | https://www.fftoday.com/rankings/26-adp-half-ppr.html | https://www.footballguys.com/adp?season=2026
,192,Jerry Jeudy,00-0036407,CLE,WR,191.9,$1.41,77,5.14,Active,,2026-09-09,https://github.com/nflverse/nflverse-data/releases/download/rosters/roster_2026.csv | https://github.com/nflverse/nflverse-data/releases/download/players/players.csv | https://hashtagfootball.com/fantasy-football-adp-yahoo | https://www.nbcsports.com/fantasy/football/news/draftkings-2026-best-ball-rankings-jahmyr-gibbs-is-your-new-1-01 | https://www.fftoday.com/rankings/26-adp-half-ppr.html | https://www.footballguys.com/adp?season=2026
,193,Elijah Sarratt,00-0040876,BAL,WR,245.2,$1.29,78,5.11,Active,,2026-09-09,https://github.com/nflverse/nflverse-data/releases/download/rosters/roster_2026.csv | https://github.com/nflverse/nflverse-data/releases/download/players/players.csv | https://www.nbcsports.com/fantasy/football/news/draftkings-2026-best-ball-rankings-jahmyr-gibbs-is-your-new-1-01 | https://www.fftoday.com/rankings/26-adp-half-ppr.html
,194,Woody Marks,00-0040583,HOU,RB,133.8,$1.26,60,6.14,Active,,2026-09-09,https://github.com/nflverse/nflverse-data/releases/download/rosters/roster_2026.csv | https://github.com/nflverse/nflverse-data/releases/download/players/players.csv | https://hashtagfootball.com/fantasy-football-adp-yahoo | https://www.nbcsports.com/fantasy/football/news/draftkings-2026-best-ball-rankings-jahmyr-gibbs-is-your-new-1-01 | https://www.fftoday.com/rankings/26-adp-half-ppr.html | https://www.footballguys.com/adp?season=2026
,195,Troy Franklin,00-0039868,DEN,WR,229.4,$1.17,79,5.07,Active,,2026-09-09,https://github.com/nflverse/nflverse-data/releases/download/rosters/roster_2026.csv | https://github.com/nflverse/nflverse-data/releases/download/players/players.csv | https://www.nbcsports.com/fantasy/football/news/draftkings-2026-best-ball-rankings-jahmyr-gibbs-is-your-new-1-01 | https://www.fftoday.com/rankings/26-adp-half-ppr.html | https://www.footballguys.com/adp?season=2026
,196,Jauan Jennings,00-0036259,MIN,WR,183.3,$1.13,80,5.06,Active,,2026-09-09,https://github.com/nflverse/nflverse-data/releases/download/rosters/roster_2026.csv | https://github.com/nflverse/nflverse-data/releases/download/players/players.csv | https://hashtagfootball.com/fantasy-football-adp-yahoo | https://www.nbcsports.com/fantasy/football/news/draftkings-2026-best-ball-rankings-jahmyr-gibbs-is-your-new-1-01 | https://www.fftoday.com/rankings/26-adp-half-ppr.html | https://www.footballguys.com/adp?season=2026
,197,Jake Ferguson,00-0038041,DAL,TE,126.9,$0.99,28,5.52,Active,,2026-09-09,https://github.com/nflverse/nflverse-data/releases/download/rosters/roster_2026.csv | https://github.com/nflverse/nflverse-data/releases/download/players/players.csv | https://hashtagfootball.com/fantasy-football-adp-yahoo | https://www.nbcsports.com/fantasy/football/news/draftkings-2026-best-ball-rankings-jahmyr-gibbs-is-your-new-1-01 | https://www.fftoday.com/rankings/26-adp-half-ppr.html | https://www.footballguys.com/adp?season=2026
,198,Michael Penix Jr.,00-0039917,ATL,QB,224,$0.89,30,12,Active,,2026-09-09,https://github.com/nflverse/nflverse-data/releases/download/rosters/roster_2026.csv | https://github.com/nflverse/nflverse-data/releases/download/players/players.csv | https://www.nbcsports.com/fantasy/football/news/draftkings-2026-best-ball-rankings-jahmyr-gibbs-is-your-new-1-01 | https://www.fftoday.com/rankings/26-adp-half-ppr.html | https://www.footballguys.com/adp?season=2026
,199,Tank Bigsby,00-0038555,PHI,RB,151.3,$0.86,61,6.02,Active,,2026-09-09,https://github.com/nflverse/nflverse-data/releases/download/rosters/roster_2026.csv | https://github.com/nflverse/nflverse-data/releases/download/players/players.csv | https://hashtagfootball.com/fantasy-football-adp-yahoo | https://www.nbcsports.com/fantasy/football/news/draftkings-2026-best-ball-rankings-jahmyr-gibbs-is-your-new-1-01 | https://www.fftoday.com/rankings/26-adp-half-ppr.html | https://www.footballguys.com/adp?season=2026
,200,Kareem Hunt,00-0033923,FA,RB,321.3,$0.72,62,5.98,Free Agent,,2026-09-09,https://github.com/nflverse/nflverse-data/releases/download/rosters/roster_2026.csv | https://github.com/nflverse/nflverse-data/releases/download/players/players.csv | https://www.nbcsports.com/fantasy/football/news/draftkings-2026-best-ball-rankings-jahmyr-gibbs-is-your-new-1-01 | https://www.fftoday.com/rankings/26-adp-half-ppr.html | https://www.footballguys.com/adp?season=2026
,201,Brian Robinson,00-0037746,ATL,RB,163.5,$0.67,63,5.97,Active,,2026-09-09,https://github.com/nflverse/nflverse-data/releases/download/rosters/roster_2026.csv | https://github.com/nflverse/nflverse-data/releases/download/players/players.csv | https://hashtagfootball.com/fantasy-football-adp-yahoo | https://www.nbcsports.com/fantasy/football/news/draftkings-2026-best-ball-rankings-jahmyr-gibbs-is-your-new-1-01 | https://www.fftoday.com/rankings/26-adp-half-ppr.html | https://www.footballguys.com/adp?season=2026
,202,Jordan James,00-0040177,SF,RB,230,$0.65,64,5.96,Active,,2026-09-09,https://github.com/nflverse/nflverse-data/releases/download/rosters/roster_2026.csv | https://github.com/nflverse/nflverse-data/releases/download/players/players.csv | https://hashtagfootball.com/fantasy-football-adp-yahoo | https://www.nbcsports.com/fantasy/football/news/draftkings-2026-best-ball-rankings-jahmyr-gibbs-is-your-new-1-01 | https://www.fftoday.com/rankings/26-adp-half-ppr.html | https://www.footballguys.com/adp?season=2026
,203,Dylan Sampson,00-0040162,CLE,RB,165.6,$0.60,65,5.94,Active,,2026-09-09,https://github.com/nflverse/nflverse-data/releases/download/rosters/roster_2026.csv | https://github.com/nflverse/nflverse-data/releases/download/players/players.csv | https://hashtagfootball.com/fantasy-football-adp-yahoo | https://www.nbcsports.com/fantasy/football/news/draftkings-2026-best-ball-rankings-jahmyr-gibbs-is-your-new-1-01 | https://www.fftoday.com/rankings/26-adp-half-ppr.html | https://www.footballguys.com/adp?season=2026
,204,Omar Cooper Jr.,00-0041511,NYJ,WR,187,$0.59,81,4.89,Active,,2026-09-09,https://github.com/nflverse/nflverse-data/releases/download/rosters/roster_2026.csv | https://github.com/nflverse/nflverse-data/releases/download/players/players.csv | https://hashtagfootball.com/fantasy-football-adp-yahoo | https://www.nbcsports.com/fantasy/football/news/draftkings-2026-best-ball-rankings-jahmyr-gibbs-is-your-new-1-01 | https://www.fftoday.com/rankings/26-adp-half-ppr.html | https://www.footballguys.com/adp?season=2026
,205,Mike Gesicki,00-0034829,CIN,TE,244.3,$0.51,29,5.39,Active,,2026-09-09,https://github.com/nflverse/nflverse-data/releases/download/rosters/roster_2026.csv | https://github.com/nflverse/nflverse-data/releases/download/players/players.csv | https://www.nbcsports.com/fantasy/football/news/draftkings-2026-best-ball-rankings-jahmyr-gibbs-is-your-new-1-01 | https://www.fftoday.com/rankings/26-adp-half-ppr.html | https://www.footballguys.com/adp?season=2026
,206,Malik Davis,00-0037563,DAL,RB,210.7,$0.50,66,5.91,Active,,2026-09-09,https://github.com/nflverse/nflverse-data/releases/download/rosters/roster_2026.csv | https://github.com/nflverse/nflverse-data/releases/download/players/players.csv | https://hashtagfootball.com/fantasy-football-adp-yahoo | https://www.nbcsports.com/fantasy/football/news/draftkings-2026-best-ball-rankings-jahmyr-gibbs-is-your-new-1-01 | https://www.fftoday.com/rankings/26-adp-half-ppr.html | https://www.footballguys.com/adp?season=2026
,207,Tez Johnson,00-0040237,TB,WR,373.7,$0.44,82,4.84,Active,,2026-09-09,https://github.com/nflverse/nflverse-data/releases/download/rosters/roster_2026.csv | https://github.com/nflverse/nflverse-data/releases/download/players/players.csv | https://www.nbcsports.com/fantasy/football/news/draftkings-2026-best-ball-rankings-jahmyr-gibbs-is-your-new-1-01 | https://www.fftoday.com/rankings/26-adp-half-ppr.html | https://www.footballguys.com/adp?season=2026
,208,Kenyon Sadiq,00-0041032,NYJ,TE,168.8,$0.39,30,5.36,Active,,2026-09-09,https://github.com/nflverse/nflverse-data/releases/download/rosters/roster_2026.csv | https://github.com/nflverse/nflverse-data/releases/download/players/players.csv | https://hashtagfootball.com/fantasy-football-adp-yahoo | https://www.nbcsports.com/fantasy/football/news/draftkings-2026-best-ball-rankings-jahmyr-gibbs-is-your-new-1-01 | https://www.fftoday.com/rankings/26-adp-half-ppr.html | https://www.footballguys.com/adp?season=2026
,209,Emari Demercado,00-0038705,DAL,RB,295,$0.39,67,5.88,Active,,2026-09-09,https://github.com/nflverse/nflverse-data/releases/download/rosters/roster_2026.csv | https://github.com/nflverse/nflverse-data/releases/download/players/players.csv | https://www.nbcsports.com/fantasy/football/news/draftkings-2026-best-ball-rankings-jahmyr-gibbs-is-your-new-1-01 | https://www.fftoday.com/rankings/26-adp-half-ppr.html | https://www.footballguys.com/adp?season=2026
,210,Taysom Hill,00-0033357,FA,TE,408.5,$0.33,31,5.34,Free Agent,,2026-09-09,https://github.com/nflverse/nflverse-data/releases/download/rosters/roster_2026.csv | https://github.com/nflverse/nflverse-data/releases/download/players/players.csv | https://www.nbcsports.com/fantasy/football/news/draftkings-2026-best-ball-rankings-jahmyr-gibbs-is-your-new-1-01 | https://www.footballguys.com/adp?season=2026
,211,Kimani Vidal,00-0039391,LAC,RB,204.5,$0.23,68,5.83,Active,,2026-09-09,https://github.com/nflverse/nflverse-data/releases/download/rosters/roster_2026.csv | https://github.com/nflverse/nflverse-data/releases/download/players/players.csv | https://hashtagfootball.com/fantasy-football-adp-yahoo | https://www.nbcsports.com/fantasy/football/news/draftkings-2026-best-ball-rankings-jahmyr-gibbs-is-your-new-1-01 | https://www.fftoday.com/rankings/26-adp-half-ppr.html | https://www.footballguys.com/adp?season=2026
,212,Pat Bryant,00-0040134,DEN,WR,179.5,$0.23,83,4.77,Active,,2026-09-09,https://github.com/nflverse/nflverse-data/releases/download/rosters/roster_2026.csv | https://github.com/nflverse/nflverse-data/releases/download/players/players.csv | https://hashtagfootball.com/fantasy-football-adp-yahoo | https://www.nbcsports.com/fantasy/football/news/draftkings-2026-best-ball-rankings-jahmyr-gibbs-is-your-new-1-01 | https://www.fftoday.com/rankings/26-adp-half-ppr.html | https://www.footballguys.com/adp?season=2026
,213,Cam Ward,00-0040676,TEN,QB,152.9,$0.22,31,11.6,Active,,2026-09-09,https://github.com/nflverse/nflverse-data/releases/download/rosters/roster_2026.csv | https://github.com/nflverse/nflverse-data/releases/download/players/players.csv | https://hashtagfootball.com/fantasy-football-adp-yahoo | https://www.nbcsports.com/fantasy/football/news/draftkings-2026-best-ball-rankings-jahmyr-gibbs-is-your-new-1-01 | https://www.fftoday.com/rankings/26-adp-half-ppr.html | https://www.footballguys.com/adp?season=2026
,214,Kendre Miller,00-0038551,NO,RB,275,$0.22,69,5.83,Active,,2026-09-09,https://github.com/nflverse/nflverse-data/releases/download/rosters/roster_2026.csv | https://github.com/nflverse/nflverse-data/releases/download/players/players.csv | https://hashtagfootball.com/fantasy-football-adp-yahoo | https://www.nbcsports.com/fantasy/football/news/draftkings-2026-best-ball-rankings-jahmyr-gibbs-is-your-new-1-01 | https://www.fftoday.com/rankings/26-adp-half-ppr.html | https://www.footballguys.com/adp?season=2026
,215,Deshaun Watson,00-0033537,CLE,QB,242.8,$0.11,32,11.6,Active,,2026-09-09,https://github.com/nflverse/nflverse-data/releases/download/rosters/roster_2026.csv | https://github.com/nflverse/nflverse-data/releases/download/players/players.csv | https://www.nbcsports.com/fantasy/football/news/draftkings-2026-best-ball-rankings-jahmyr-gibbs-is-your-new-1-01 | https://www.fftoday.com/rankings/26-adp-half-ppr.html | https://www.footballguys.com/adp?season=2026
,216,Jahan Dotson,00-0037741,ATL,WR,334,$0.10,84,4.73,Active,,2026-09-09,https://github.com/nflverse/nflverse-data/releases/download/rosters/roster_2026.csv | https://github.com/nflverse/nflverse-data/releases/download/players/players.csv | https://hashtagfootball.com/fantasy-football-adp-yahoo | https://www.nbcsports.com/fantasy/football/news/draftkings-2026-best-ball-rankings-jahmyr-gibbs-is-your-new-1-01 | https://www.fftoday.com/rankings/26-adp-half-ppr.html | https://www.footballguys.com/adp?season=2026
,217,Evan Engram,00-0033881,DEN,TE,233.1,$0.06,32,5.27,Active,,2026-09-09,https://github.com/nflverse/nflverse-data/releases/download/rosters/roster_2026.csv | https://github.com/nflverse/nflverse-data/releases/download/players/players.csv | https://www.nbcsports.com/fantasy/football/news/draftkings-2026-best-ball-rankings-jahmyr-gibbs-is-your-new-1-01 | https://www.fftoday.com/rankings/26-adp-half-ppr.html | https://www.footballguys.com/adp?season=2026
,218,Calvin Ridley,00-0034837,TEN,WR,207.1,$0.04,85,4.71,Active,,2026-09-09,https://github.com/nflverse/nflverse-data/releases/download/rosters/roster_2026.csv | https://github.com/nflverse/nflverse-data/releases/download/players/players.csv | https://www.nbcsports.com/fantasy/football/news/draftkings-2026-best-ball-rankings-jahmyr-gibbs-is-your-new-1-01 | https://www.fftoday.com/rankings/26-adp-half-ppr.html | https://www.footballguys.com/adp?season=2026
,219,Braelon Allen,00-0039794,NYJ,RB,167.2,$0.02,70,5.77,Active,,2026-09-09,https://github.com/nflverse/nflverse-data/releases/download/rosters/roster_2026.csv | https://github.com/nflverse/nflverse-data/releases/download/players/players.csv | https://hashtagfootball.com/fantasy-football-adp-yahoo | https://www.nbcsports.com/fantasy/football/news/draftkings-2026-best-ball-rankings-jahmyr-gibbs-is-your-new-1-01 | https://www.fftoday.com/rankings/26-adp-half-ppr.html | https://www.footballguys.com/adp?season=2026
,220,Seth McGowan,00-0041125,IND,RB,232.7,-$0.02,71,5.75,Active,,2026-09-09,https://github.com/nflverse/nflverse-data/releases/download/rosters/roster_2026.csv | https://github.com/nflverse/nflverse-data/releases/download/players/players.csv | https://hashtagfootball.com/fantasy-football-adp-yahoo | https://www.nbcsports.com/fantasy/football/news/draftkings-2026-best-ball-rankings-jahmyr-gibbs-is-your-new-1-01 | https://www.fftoday.com/rankings/26-adp-half-ppr.html | https://www.footballguys.com/adp?season=2026
,221,Colby Parkinson,00-0036244,LAR,TE,225.7,-$0.03,33,5.24,Active,,2026-09-09,https://github.com/nflverse/nflverse-data/releases/download/rosters/roster_2026.csv | https://github.com/nflverse/nflverse-data/releases/download/players/players.csv | https://hashtagfootball.com/fantasy-football-adp-yahoo | https://www.nbcsports.com/fantasy/football/news/draftkings-2026-best-ball-rankings-jahmyr-gibbs-is-your-new-1-01 | https://www.fftoday.com/rankings/26-adp-half-ppr.html | https://www.footballguys.com/adp?season=2026
,222,Justice Hill,00-0034975,BAL,RB,220.1,-$0.14,72,5.72,Active,,2026-09-09,https://github.com/nflverse/nflverse-data/releases/download/rosters/roster_2026.csv | https://github.com/nflverse/nflverse-data/releases/download/players/players.csv | https://www.nbcsports.com/fantasy/football/news/draftkings-2026-best-ball-rankings-jahmyr-gibbs-is-your-new-1-01 | https://www.fftoday.com/rankings/26-adp-half-ppr.html | https://www.footballguys.com/adp?season=2026
,223,Antonio Williams,00-0041040,WAS,WR,220.7,-$0.19,86,4.64,Active,,2026-09-09,https://github.com/nflverse/nflverse-data/releases/download/rosters/roster_2026.csv | https://github.com/nflverse/nflverse-data/releases/download/players/players.csv | https://hashtagfootball.com/fantasy-football-adp-yahoo | https://www.nbcsports.com/fantasy/football/news/draftkings-2026-best-ball-rankings-jahmyr-gibbs-is-your-new-1-01 | https://www.fftoday.com/rankings/26-adp-half-ppr.html | https://www.footballguys.com/adp?season=2026
,224,Eli Stowers,00-0041483,PHI,TE,253.1,-$0.31,34,5.17,Active,,2026-09-09,https://github.com/nflverse/nflverse-data/releases/download/rosters/roster_2026.csv | https://github.com/nflverse/nflverse-data/releases/download/players/players.csv | https://www.nbcsports.com/fantasy/football/news/draftkings-2026-best-ball-rankings-jahmyr-gibbs-is-your-new-1-01 | https://www.fftoday.com/rankings/26-adp-half-ppr.html | https://www.footballguys.com/adp?season=2026
,225,George Holani,00-0039299,SEA,RB,213,-$0.51,73,5.6,Active,,2026-09-09,https://github.com/nflverse/nflverse-data/releases/download/rosters/roster_2026.csv | https://github.com/nflverse/nflverse-data/releases/download/players/players.csv | https://hashtagfootball.com/fantasy-football-adp-yahoo | https://www.nbcsports.com/fantasy/football/news/draftkings-2026-best-ball-rankings-jahmyr-gibbs-is-your-new-1-01 | https://www.fftoday.com/rankings/26-adp-half-ppr.html | https://www.footballguys.com/adp?season=2026
,226,Kayshon Boutte,00-0038608,HOU,WR,159,-$0.55,87,4.53,Active,,2026-09-09,https://github.com/nflverse/nflverse-data/releases/download/rosters/roster_2026.csv | https://github.com/nflverse/nflverse-data/releases/download/players/players.csv | https://hashtagfootball.com/fantasy-football-adp-yahoo | https://www.nbcsports.com/fantasy/football/news/draftkings-2026-best-ball-rankings-jahmyr-gibbs-is-your-new-1-01 | https://www.fftoday.com/rankings/26-adp-half-ppr.html | https://www.footballguys.com/adp?season=2026
,227,Ty Johnson,00-0035537,BUF,RB,388.3,-$0.75,74,5.53,Active,,2026-09-09,https://github.com/nflverse/nflverse-data/releases/download/rosters/roster_2026.csv | https://github.com/nflverse/nflverse-data/releases/download/players/players.csv | https://www.nbcsports.com/fantasy/football/news/draftkings-2026-best-ball-rankings-jahmyr-gibbs-is-your-new-1-01 | https://www.fftoday.com/rankings/26-adp-half-ppr.html | https://www.footballguys.com/adp?season=2026
,228,Chris Brooks,00-0038685,GB,RB,245.3,-$0.85,75,5.5,Active,,2026-09-09,https://github.com/nflverse/nflverse-data/releases/download/rosters/roster_2026.csv | https://github.com/nflverse/nflverse-data/releases/download/players/players.csv | https://www.nbcsports.com/fantasy/football/news/draftkings-2026-best-ball-rankings-jahmyr-gibbs-is-your-new-1-01 | https://www.fftoday.com/rankings/26-adp-half-ppr.html | https://www.footballguys.com/adp?season=2026
,229,Skyler Bell,00-0041443,BUF,WR,316.7,-$0.88,88,4.42,Active,,2026-09-09,https://github.com/nflverse/nflverse-data/releases/download/rosters/roster_2026.csv | https://github.com/nflverse/nflverse-data/releases/download/players/players.csv | https://www.nbcsports.com/fantasy/football/news/draftkings-2026-best-ball-rankings-jahmyr-gibbs-is-your-new-1-01 | https://www.fftoday.com/rankings/26-adp-half-ppr.html | https://www.footballguys.com/adp?season=2026
,230,David Njoku,00-0033885,LAC,TE,201.2,-$0.95,35,5,Active,,2026-09-09,https://github.com/nflverse/nflverse-data/releases/download/rosters/roster_2026.csv | https://github.com/nflverse/nflverse-data/releases/download/players/players.csv | https://hashtagfootball.com/fantasy-football-adp-yahoo | https://www.nbcsports.com/fantasy/football/news/draftkings-2026-best-ball-rankings-jahmyr-gibbs-is-your-new-1-01 | https://www.fftoday.com/rankings/26-adp-half-ppr.html | https://www.footballguys.com/adp?season=2026
,231,Emanuel Wilson,00-0038797,SEA,RB,260.3,-$1.05,76,5.44,Active,,2026-09-09,https://github.com/nflverse/nflverse-data/releases/download/rosters/roster_2026.csv | https://github.com/nflverse/nflverse-data/releases/download/players/players.csv | https://www.nbcsports.com/fantasy/football/news/draftkings-2026-best-ball-rankings-jahmyr-gibbs-is-your-new-1-01 | https://www.fftoday.com/rankings/26-adp-half-ppr.html | https://www.footballguys.com/adp?season=2026
,232,Brashard Smith,00-0040078,KC,RB,293.5,-$1.08,77,5.43,Active,,2026-09-09,https://github.com/nflverse/nflverse-data/releases/download/rosters/roster_2026.csv | https://github.com/nflverse/nflverse-data/releases/download/players/players.csv | https://www.nbcsports.com/fantasy/football/news/draftkings-2026-best-ball-rankings-jahmyr-gibbs-is-your-new-1-01 | https://www.fftoday.com/rankings/26-adp-half-ppr.html
,233,DeMario Douglas,00-0038621,NE,WR,334.7,-$1.11,89,4.35,Active,,2026-09-09,https://github.com/nflverse/nflverse-data/releases/download/rosters/roster_2026.csv | https://github.com/nflverse/nflverse-data/releases/download/players/players.csv | https://www.nbcsports.com/fantasy/football/news/draftkings-2026-best-ball-rankings-jahmyr-gibbs-is-your-new-1-01 | https://www.fftoday.com/rankings/26-adp-half-ppr.html | https://www.footballguys.com/adp?season=2026
,234,Mack Hollins,00-0033555,NE,WR,316.5,-$1.18,90,4.33,Active,,2026-09-09,https://github.com/nflverse/nflverse-data/releases/download/rosters/roster_2026.csv | https://github.com/nflverse/nflverse-data/releases/download/players/players.csv | https://www.nbcsports.com/fantasy/football/news/draftkings-2026-best-ball-rankings-jahmyr-gibbs-is-your-new-1-01 | https://www.fftoday.com/rankings/26-adp-half-ppr.html
,235,Terrance Ferguson,00-0040737,LAR,TE,154.5,-$1.39,36,4.88,Active,,2026-09-09,https://github.com/nflverse/nflverse-data/releases/download/rosters/roster_2026.csv | https://github.com/nflverse/nflverse-data/releases/download/players/players.csv | https://hashtagfootball.com/fantasy-football-adp-yahoo | https://www.nbcsports.com/fantasy/football/news/draftkings-2026-best-ball-rankings-jahmyr-gibbs-is-your-new-1-01 | https://www.fftoday.com/rankings/26-adp-half-ppr.html | https://www.footballguys.com/adp?season=2026
,236,Devaughn Vele,00-0039424,NO,WR,202.7,-$1.46,91,4.24,Active,,2026-09-09,https://github.com/nflverse/nflverse-data/releases/download/rosters/roster_2026.csv | https://github.com/nflverse/nflverse-data/releases/download/players/players.csv | https://hashtagfootball.com/fantasy-football-adp-yahoo | https://www.nbcsports.com/fantasy/football/news/draftkings-2026-best-ball-rankings-jahmyr-gibbs-is-your-new-1-01 | https://www.fftoday.com/rankings/26-adp-half-ppr.html | https://www.footballguys.com/adp?season=2026
,237,Savion Williams,00-0040009,GB,WR,379.3,-$1.48,92,4.23,Reserve,,2026-09-09,https://github.com/nflverse/nflverse-data/releases/download/rosters/roster_2026.csv | https://github.com/nflverse/nflverse-data/releases/download/players/players.csv | https://www.nbcsports.com/fantasy/football/news/draftkings-2026-best-ball-rankings-jahmyr-gibbs-is-your-new-1-01 | https://www.fftoday.com/rankings/26-adp-half-ppr.html | https://www.footballguys.com/adp?season=2026
,238,Ryan Flournoy,00-0039410,DAL,WR,169.2,-$1.52,93,4.22,Active,,2026-09-09,https://github.com/nflverse/nflverse-data/releases/download/rosters/roster_2026.csv | https://github.com/nflverse/nflverse-data/releases/download/players/players.csv | https://hashtagfootball.com/fantasy-football-adp-yahoo | https://www.nbcsports.com/fantasy/football/news/draftkings-2026-best-ball-rankings-jahmyr-gibbs-is-your-new-1-01 | https://www.fftoday.com/rankings/26-adp-half-ppr.html | https://www.footballguys.com/adp?season=2026
,239,Gunnar Helm,00-0040584,TEN,TE,205.6,-$1.55,37,4.84,Active,,2026-09-09,https://github.com/nflverse/nflverse-data/releases/download/rosters/roster_2026.csv | https://github.com/nflverse/nflverse-data/releases/download/players/players.csv | https://hashtagfootball.com/fantasy-football-adp-yahoo | https://www.nbcsports.com/fantasy/football/news/draftkings-2026-best-ball-rankings-jahmyr-gibbs-is-your-new-1-01 | https://www.fftoday.com/rankings/26-adp-half-ppr.html | https://www.footballguys.com/adp?season=2026
,240,Rashod Bateman,00-0036550,BAL,WR,227.9,-$1.57,94,4.21,Active,,2026-09-09,https://github.com/nflverse/nflverse-data/releases/download/rosters/roster_2026.csv | https://github.com/nflverse/nflverse-data/releases/download/players/players.csv | https://hashtagfootball.com/fantasy-football-adp-yahoo | https://www.nbcsports.com/fantasy/football/news/draftkings-2026-best-ball-rankings-jahmyr-gibbs-is-your-new-1-01 | https://www.fftoday.com/rankings/26-adp-half-ppr.html | https://www.footballguys.com/adp?season=2026
,241,Elic Ayomanor,00-0040170,TEN,WR,381.7,-$1.64,95,4.18,Active,,2026-09-09,https://github.com/nflverse/nflverse-data/releases/download/rosters/roster_2026.csv | https://github.com/nflverse/nflverse-data/releases/download/players/players.csv | https://www.nbcsports.com/fantasy/football/news/draftkings-2026-best-ball-rankings-jahmyr-gibbs-is-your-new-1-01 | https://www.fftoday.com/rankings/26-adp-half-ppr.html | https://www.footballguys.com/adp?season=2026
,242,Konata Mumpfield,00-0040590,LAR,WR,355.3,-$1.93,96,4.09,Active,,2026-09-09,https://github.com/nflverse/nflverse-data/releases/download/rosters/roster_2026.csv | https://github.com/nflverse/nflverse-data/releases/download/players/players.csv | https://www.nbcsports.com/fantasy/football/news/draftkings-2026-best-ball-rankings-jahmyr-gibbs-is-your-new-1-01 | https://www.fftoday.com/rankings/26-adp-half-ppr.html | https://www.footballguys.com/adp?season=2026
,243,Kaytron Allen,00-0041096,WAS,RB,211.7,-$2.00,78,5.15,Active,,2026-09-09,https://github.com/nflverse/nflverse-data/releases/download/rosters/roster_2026.csv | https://github.com/nflverse/nflverse-data/releases/download/players/players.csv | https://hashtagfootball.com/fantasy-football-adp-yahoo | https://www.nbcsports.com/fantasy/football/news/draftkings-2026-best-ball-rankings-jahmyr-gibbs-is-your-new-1-01 | https://www.fftoday.com/rankings/26-adp-half-ppr.html | https://www.footballguys.com/adp?season=2026
,244,Darren Waller,00-0031610,CAR,TE,271.5,-$2.06,38,4.7,Active,,2026-09-09,https://github.com/nflverse/nflverse-data/releases/download/rosters/roster_2026.csv | https://github.com/nflverse/nflverse-data/releases/download/players/players.csv | https://hashtagfootball.com/fantasy-football-adp-yahoo | https://www.nbcsports.com/fantasy/football/news/draftkings-2026-best-ball-rankings-jahmyr-gibbs-is-your-new-1-01 | https://www.fftoday.com/rankings/26-adp-half-ppr.html | https://www.footballguys.com/adp?season=2026
,245,Tyquan Thornton,00-0038104,KC,WR,284.2,-$2.10,97,4.04,Active,,2026-09-09,https://github.com/nflverse/nflverse-data/releases/download/rosters/roster_2026.csv | https://github.com/nflverse/nflverse-data/releases/download/players/players.csv | https://hashtagfootball.com/fantasy-football-adp-yahoo | https://www.nbcsports.com/fantasy/football/news/draftkings-2026-best-ball-rankings-jahmyr-gibbs-is-your-new-1-01 | https://www.fftoday.com/rankings/26-adp-half-ppr.html | https://www.footballguys.com/adp?season=2026
,246,Marquise Brown,00-0035662,PHI,WR,338.3,-$2.11,98,4.04,Active,,2026-09-09,https://github.com/nflverse/nflverse-data/releases/download/rosters/roster_2026.csv | https://github.com/nflverse/nflverse-data/releases/download/players/players.csv | https://www.nbcsports.com/fantasy/football/news/draftkings-2026-best-ball-rankings-jahmyr-gibbs-is-your-new-1-01 | https://www.fftoday.com/rankings/26-adp-half-ppr.html | https://www.footballguys.com/adp?season=2026
,247,Jalen Tolbert,00-0037666,MIA,WR,340.7,-$2.22,99,4,Active,,2026-09-09,https://github.com/nflverse/nflverse-data/releases/download/rosters/roster_2026.csv | https://github.com/nflverse/nflverse-data/releases/download/players/players.csv | https://www.nbcsports.com/fantasy/football/news/draftkings-2026-best-ball-rankings-jahmyr-gibbs-is-your-new-1-01 | https://www.fftoday.com/rankings/26-adp-half-ppr.html | https://www.footballguys.com/adp?season=2026
,248,Kendrick Bourne,00-0033307,ARI,WR,325,-$2.26,100,3.99,Active,,2026-09-09,https://github.com/nflverse/nflverse-data/releases/download/rosters/roster_2026.csv | https://github.com/nflverse/nflverse-data/releases/download/players/players.csv | https://www.nbcsports.com/fantasy/football/news/draftkings-2026-best-ball-rankings-jahmyr-gibbs-is-your-new-1-01 | https://www.fftoday.com/rankings/26-adp-half-ppr.html
,249,Germie Bernard,00-0041489,PIT,WR,225.5,-$2.45,101,3.93,Active,,2026-09-09,https://github.com/nflverse/nflverse-data/releases/download/rosters/roster_2026.csv | https://github.com/nflverse/nflverse-data/releases/download/players/players.csv | https://www.nbcsports.com/fantasy/football/news/draftkings-2026-best-ball-rankings-jahmyr-gibbs-is-your-new-1-01 | https://www.fftoday.com/rankings/26-adp-half-ppr.html | https://www.footballguys.com/adp?season=2026
,250,Jack Bech,00-0040729,LV,WR,321.8,-$2.61,102,3.88,Active,,2026-09-09,https://github.com/nflverse/nflverse-data/releases/download/rosters/roster_2026.csv | https://github.com/nflverse/nflverse-data/releases/download/players/players.csv | https://hashtagfootball.com/fantasy-football-adp-yahoo | https://www.nbcsports.com/fantasy/football/news/draftkings-2026-best-ball-rankings-jahmyr-gibbs-is-your-new-1-01 | https://www.fftoday.com/rankings/26-adp-half-ppr.html | https://www.footballguys.com/adp?season=2026
,251,Tank Dell,00-0038977,HOU,WR,217.6,-$2.66,103,3.86,Reserve,,2026-09-09,https://github.com/nflverse/nflverse-data/releases/download/rosters/roster_2026.csv | https://github.com/nflverse/nflverse-data/releases/download/players/players.csv | https://www.nbcsports.com/fantasy/football/news/draftkings-2026-best-ball-rankings-jahmyr-gibbs-is-your-new-1-01 | https://www.fftoday.com/rankings/26-adp-half-ppr.html | https://www.footballguys.com/adp?season=2026
,252,DeAndre Hopkins,00-0030564,FA,WR,265.5,-$2.72,104,3.84,Free Agent,,2026-09-09,https://github.com/nflverse/nflverse-data/releases/download/rosters/roster_2026.csv | https://github.com/nflverse/nflverse-data/releases/download/players/players.csv | https://www.nbcsports.com/fantasy/football/news/draftkings-2026-best-ball-rankings-jahmyr-gibbs-is-your-new-1-01 | https://www.footballguys.com/adp?season=2026
,253,Brock Wright,00-0036754,DET,TE,373.7,-$2.73,39,4.52,Active,,2026-09-09,https://github.com/nflverse/nflverse-data/releases/download/rosters/roster_2026.csv | https://github.com/nflverse/nflverse-data/releases/download/players/players.csv | https://www.nbcsports.com/fantasy/football/news/draftkings-2026-best-ball-rankings-jahmyr-gibbs-is-your-new-1-01 | https://www.fftoday.com/rankings/26-adp-half-ppr.html | https://www.footballguys.com/adp?season=2026
,254,Tommy Tremble,00-0037005,CAR,TE,391.3,-$2.75,40,4.51,Active,,2026-09-09,https://github.com/nflverse/nflverse-data/releases/download/rosters/roster_2026.csv | https://github.com/nflverse/nflverse-data/releases/download/players/players.csv | https://www.nbcsports.com/fantasy/football/news/draftkings-2026-best-ball-rankings-jahmyr-gibbs-is-your-new-1-01 | https://www.fftoday.com/rankings/26-adp-half-ppr.html | https://www.footballguys.com/adp?season=2026
,255,Gabe Davis,00-0036196,FA,WR,UD,-$2.75,105,3.83,Free Agent,,,https://github.com/nflverse/nflverse-data/releases/download/rosters/roster_2026.csv | https://github.com/nflverse/nflverse-data/releases/download/players/players.csv
,256,Najee Harris,00-0036893,NYG,RB,210.1,-$2.76,79,4.92,Active,,2026-09-09,https://github.com/nflverse/nflverse-data/releases/download/rosters/roster_2026.csv | https://github.com/nflverse/nflverse-data/releases/download/players/players.csv | https://hashtagfootball.com/fantasy-football-adp-yahoo | https://www.nbcsports.com/fantasy/football/news/draftkings-2026-best-ball-rankings-jahmyr-gibbs-is-your-new-1-01 | https://www.fftoday.com/rankings/26-adp-half-ppr.html | https://www.footballguys.com/adp?season=2026
,257,Max Klare,00-0041510,LAR,TE,400,-$2.84,41,4.49,Active,,2026-09-09,https://github.com/nflverse/nflverse-data/releases/download/rosters/roster_2026.csv | https://github.com/nflverse/nflverse-data/releases/download/players/players.csv | https://www.nbcsports.com/fantasy/football/news/draftkings-2026-best-ball-rankings-jahmyr-gibbs-is-your-new-1-01 | https://www.fftoday.com/rankings/26-adp-half-ppr.html | https://www.footballguys.com/adp?season=2026
,258,Dawson Knox,00-0035689,BUF,TE,342,-$2.89,42,4.48,Active,,2026-09-09,https://github.com/nflverse/nflverse-data/releases/download/rosters/roster_2026.csv | https://github.com/nflverse/nflverse-data/releases/download/players/players.csv | https://www.nbcsports.com/fantasy/football/news/draftkings-2026-best-ball-rankings-jahmyr-gibbs-is-your-new-1-01 | https://www.fftoday.com/rankings/26-adp-half-ppr.html
,259,Theo Johnson,00-0039847,NYG,TE,392,-$2.94,43,4.46,Active,,2026-09-09,https://github.com/nflverse/nflverse-data/releases/download/rosters/roster_2026.csv | https://github.com/nflverse/nflverse-data/releases/download/players/players.csv | https://www.nbcsports.com/fantasy/football/news/draftkings-2026-best-ball-rankings-jahmyr-gibbs-is-your-new-1-01 | https://www.fftoday.com/rankings/26-adp-half-ppr.html | https://www.footballguys.com/adp?season=2026
,260,Tyler Higbee,00-0033110,LAR,TE,378.7,-$3.05,44,4.43,Active,,2026-09-09,https://github.com/nflverse/nflverse-data/releases/download/rosters/roster_2026.csv | https://github.com/nflverse/nflverse-data/releases/download/players/players.csv | https://www.nbcsports.com/fantasy/football/news/draftkings-2026-best-ball-rankings-jahmyr-gibbs-is-your-new-1-01 | https://www.fftoday.com/rankings/26-adp-half-ppr.html | https://www.footballguys.com/adp?season=2026
,261,Andrei Iosivas,00-0038619,CIN,WR,364.3,-$3.06,106,3.74,Active,,2026-09-09,https://github.com/nflverse/nflverse-data/releases/download/rosters/roster_2026.csv | https://github.com/nflverse/nflverse-data/releases/download/players/players.csv | https://www.nbcsports.com/fantasy/football/news/draftkings-2026-best-ball-rankings-jahmyr-gibbs-is-your-new-1-01 | https://www.fftoday.com/rankings/26-adp-half-ppr.html | https://www.footballguys.com/adp?season=2026
,262,Chimere Dike,00-0040705,TEN,WR,284,-$3.10,107,3.72,Active,,2026-09-09,https://github.com/nflverse/nflverse-data/releases/download/rosters/roster_2026.csv | https://github.com/nflverse/nflverse-data/releases/download/players/players.csv | https://www.nbcsports.com/fantasy/football/news/draftkings-2026-best-ball-rankings-jahmyr-gibbs-is-your-new-1-01 | https://www.fftoday.com/rankings/26-adp-half-ppr.html | https://www.footballguys.com/adp?season=2026
,263,Cedric Tillman,00-0038979,NO,WR,339.3,-$3.13,108,3.72,Practice Squad,,2026-09-09,https://github.com/nflverse/nflverse-data/releases/download/rosters/roster_2026.csv | https://github.com/nflverse/nflverse-data/releases/download/players/players.csv | https://www.nbcsports.com/fantasy/football/news/draftkings-2026-best-ball-rankings-jahmyr-gibbs-is-your-new-1-01 | https://www.fftoday.com/rankings/26-adp-half-ppr.html | https://www.footballguys.com/adp?season=2026
,264,Cole Kmet,00-0036290,CHI,TE,303.5,-$3.19,45,4.4,Active,,2026-09-09,https://github.com/nflverse/nflverse-data/releases/download/rosters/roster_2026.csv | https://github.com/nflverse/nflverse-data/releases/download/players/players.csv | https://www.nbcsports.com/fantasy/football/news/draftkings-2026-best-ball-rankings-jahmyr-gibbs-is-your-new-1-01 | https://www.fftoday.com/rankings/26-adp-half-ppr.html
,265,Nicholas Singleton,00-0040886,TEN,RB,208,-$3.39,80,4.73,Active,,2026-09-09,https://github.com/nflverse/nflverse-data/releases/download/rosters/roster_2026.csv | https://github.com/nflverse/nflverse-data/releases/download/players/players.csv | https://hashtagfootball.com/fantasy-football-adp-yahoo | https://www.nbcsports.com/fantasy/football/news/draftkings-2026-best-ball-rankings-jahmyr-gibbs-is-your-new-1-01 | https://www.fftoday.com/rankings/26-adp-half-ppr.html | https://www.footballguys.com/adp?season=2026
,266,Adam Randall,00-0040888,BAL,RB,390,-$3.45,81,4.71,Reserve,,2026-09-09,https://github.com/nflverse/nflverse-data/releases/download/rosters/roster_2026.csv | https://github.com/nflverse/nflverse-data/releases/download/players/players.csv | https://www.nbcsports.com/fantasy/football/news/draftkings-2026-best-ball-rankings-jahmyr-gibbs-is-your-new-1-01 | https://www.fftoday.com/rankings/26-adp-half-ppr.html | https://www.footballguys.com/adp?season=2026
,267,Demond Claiborne,00-0041104,MIN,RB,217,-$3.46,82,4.71,Active,,2026-09-09,https://github.com/nflverse/nflverse-data/releases/download/rosters/roster_2026.csv | https://github.com/nflverse/nflverse-data/releases/download/players/players.csv | https://hashtagfootball.com/fantasy-football-adp-yahoo | https://www.nbcsports.com/fantasy/football/news/draftkings-2026-best-ball-rankings-jahmyr-gibbs-is-your-new-1-01 | https://www.fftoday.com/rankings/26-adp-half-ppr.html | https://www.footballguys.com/adp?season=2026
,268,Cade Stover,00-0039359,HOU,TE,UD,-$3.53,46,4.3,Active,,,https://github.com/nflverse/nflverse-data/releases/download/rosters/roster_2026.csv | https://github.com/nflverse/nflverse-data/releases/download/players/players.csv
,269,DJ Giddens,00-0040179,IND,RB,396.7,-$3.60,83,4.66,Active,,2026-09-09,https://github.com/nflverse/nflverse-data/releases/download/rosters/roster_2026.csv | https://github.com/nflverse/nflverse-data/releases/download/players/players.csv | https://www.nbcsports.com/fantasy/football/news/draftkings-2026-best-ball-rankings-jahmyr-gibbs-is-your-new-1-01 | https://www.fftoday.com/rankings/26-adp-half-ppr.html | https://www.footballguys.com/adp?season=2026
,270,Demarcus Robinson,00-0032775,SF,WR,346.7,-$3.62,109,3.56,Active,,2026-09-09,https://github.com/nflverse/nflverse-data/releases/download/rosters/roster_2026.csv | https://github.com/nflverse/nflverse-data/releases/download/players/players.csv | https://www.nbcsports.com/fantasy/football/news/draftkings-2026-best-ball-rankings-jahmyr-gibbs-is-your-new-1-01 | https://www.fftoday.com/rankings/26-adp-half-ppr.html | https://www.footballguys.com/adp?season=2026
,271,Kirk Cousins,00-0029604,LV,QB,229.7,-$3.62,33,9.3,Active,,2026-09-09,https://github.com/nflverse/nflverse-data/releases/download/rosters/roster_2026.csv | https://github.com/nflverse/nflverse-data/releases/download/players/players.csv | https://www.nbcsports.com/fantasy/football/news/draftkings-2026-best-ball-rankings-jahmyr-gibbs-is-your-new-1-01 | https://www.fftoday.com/rankings/26-adp-half-ppr.html | https://www.footballguys.com/adp?season=2026
,272,Audric Estimé,00-0039373,NO,RB,348,-$3.64,84,4.65,Active,,2026-09-09,https://github.com/nflverse/nflverse-data/releases/download/rosters/roster_2026.csv | https://github.com/nflverse/nflverse-data/releases/download/players/players.csv | https://www.nbcsports.com/fantasy/football/news/draftkings-2026-best-ball-rankings-jahmyr-gibbs-is-your-new-1-01 | https://www.fftoday.com/rankings/26-adp-half-ppr.html | https://www.footballguys.com/adp?season=2026
,273,Jalen Nailor,00-0037291,LV,WR,151.1,-$3.80,110,3.5,Active,,2026-09-09,https://github.com/nflverse/nflverse-data/releases/download/rosters/roster_2026.csv | https://github.com/nflverse/nflverse-data/releases/download/players/players.csv | https://hashtagfootball.com/fantasy-football-adp-yahoo | https://www.nbcsports.com/fantasy/football/news/draftkings-2026-best-ball-rankings-jahmyr-gibbs-is-your-new-1-01 | https://www.fftoday.com/rankings/26-adp-half-ppr.html | https://www.footballguys.com/adp?season=2026
,274,Raheem Mostert,00-0031687,FA,RB,316,-$3.82,85,4.6,Free Agent,,2026-09-09,https://github.com/nflverse/nflverse-data/releases/download/rosters/roster_2026.csv | https://github.com/nflverse/nflverse-data/releases/download/players/players.csv | https://www.footballguys.com/adp?season=2026
,275,Josh Oliver,00-0035249,MIN,TE,375.3,-$3.87,47,4.22,Active,,2026-09-09,https://github.com/nflverse/nflverse-data/releases/download/rosters/roster_2026.csv | https://github.com/nflverse/nflverse-data/releases/download/players/players.csv | https://www.nbcsports.com/fantasy/football/news/draftkings-2026-best-ball-rankings-jahmyr-gibbs-is-your-new-1-01 | https://www.fftoday.com/rankings/26-adp-half-ppr.html | https://www.footballguys.com/adp?season=2026
,276,Mo Alie-Cox,00-0033217,IND,TE,UD,-$3.90,48,4.21,Active,,,https://github.com/nflverse/nflverse-data/releases/download/rosters/roster_2026.csv | https://github.com/nflverse/nflverse-data/releases/download/players/players.csv
,277,Josh Palmer,00-0036988,BUF,WR,322.6,-$4.00,111,3.44,Active,,2026-09-09,https://github.com/nflverse/nflverse-data/releases/download/rosters/roster_2026.csv | https://github.com/nflverse/nflverse-data/releases/download/players/players.csv | https://www.nbcsports.com/fantasy/football/news/draftkings-2026-best-ball-rankings-jahmyr-gibbs-is-your-new-1-01 | https://www.fftoday.com/rankings/26-adp-half-ppr.html | https://www.footballguys.com/adp?season=2026
,278,Kalif Raymond,00-0032464,CHI,WR,349.3,-$4.03,112,3.43,Active,,2026-09-09,https://github.com/nflverse/nflverse-data/releases/download/rosters/roster_2026.csv | https://github.com/nflverse/nflverse-data/releases/download/players/players.csv | https://www.nbcsports.com/fantasy/football/news/draftkings-2026-best-ball-rankings-jahmyr-gibbs-is-your-new-1-01 | https://www.fftoday.com/rankings/26-adp-half-ppr.html | https://www.footballguys.com/adp?season=2026
,279,LeQuint Allen Jr.,00-0040238,JAC,RB,272.9,-$4.14,86,4.5,Active,,2026-09-09,https://github.com/nflverse/nflverse-data/releases/download/rosters/roster_2026.csv | https://github.com/nflverse/nflverse-data/releases/download/players/players.csv | https://www.nbcsports.com/fantasy/football/news/draftkings-2026-best-ball-rankings-jahmyr-gibbs-is-your-new-1-01 | https://www.fftoday.com/rankings/26-adp-half-ppr.html | https://www.footballguys.com/adp?season=2026
,280,Daniel Bellinger,00-0038115,TEN,TE,372.3,-$4.16,49,4.14,Active,,2026-09-09,https://github.com/nflverse/nflverse-data/releases/download/rosters/roster_2026.csv | https://github.com/nflverse/nflverse-data/releases/download/players/players.csv | https://www.nbcsports.com/fantasy/football/news/draftkings-2026-best-ball-rankings-jahmyr-gibbs-is-your-new-1-01 | https://www.fftoday.com/rankings/26-adp-half-ppr.html | https://www.footballguys.com/adp?season=2026
,281,Xavier Legette,00-0039342,CAR,WR,247.4,-$4.16,113,3.39,Active,,2026-09-09,https://github.com/nflverse/nflverse-data/releases/download/rosters/roster_2026.csv | https://github.com/nflverse/nflverse-data/releases/download/players/players.csv | https://www.nbcsports.com/fantasy/football/news/draftkings-2026-best-ball-rankings-jahmyr-gibbs-is-your-new-1-01 | https://www.fftoday.com/rankings/26-adp-half-ppr.html
,282,Adonai Mitchell,00-0039890,NYJ,WR,161.8,-$4.18,114,3.39,Active,,2026-09-09,https://github.com/nflverse/nflverse-data/releases/download/rosters/roster_2026.csv | https://github.com/nflverse/nflverse-data/releases/download/players/players.csv | https://hashtagfootball.com/fantasy-football-adp-yahoo | https://www.nbcsports.com/fantasy/football/news/draftkings-2026-best-ball-rankings-jahmyr-gibbs-is-your-new-1-01 | https://www.fftoday.com/rankings/26-adp-half-ppr.html | https://www.footballguys.com/adp?season=2026
,283,Johnny Mundt,00-0033246,PHI,TE,UD,-$4.18,50,4.13,Active,,,https://github.com/nflverse/nflverse-data/releases/download/rosters/roster_2026.csv | https://github.com/nflverse/nflverse-data/releases/download/players/players.csv
,284,Michael Carter,00-0036924,TEN,RB,377.5,-$4.27,87,4.46,Practice Squad,,2026-09-09,https://github.com/nflverse/nflverse-data/releases/download/rosters/roster_2026.csv | https://github.com/nflverse/nflverse-data/releases/download/players/players.csv | https://www.fftoday.com/rankings/26-adp-half-ppr.html | https://www.footballguys.com/adp?season=2026
,285,Isaiah Bond,00-0040782,CLE,WR,392,-$4.30,115,3.35,Active,,2026-09-09,https://github.com/nflverse/nflverse-data/releases/download/rosters/roster_2026.csv | https://github.com/nflverse/nflverse-data/releases/download/players/players.csv | https://www.nbcsports.com/fantasy/football/news/draftkings-2026-best-ball-rankings-jahmyr-gibbs-is-your-new-1-01 | https://www.fftoday.com/rankings/26-adp-half-ppr.html | https://www.footballguys.com/adp?season=2026
,286,Christian Kirk,00-0034775,SF,WR,296.6,-$4.34,116,3.33,Reserve,,2026-09-09,https://github.com/nflverse/nflverse-data/releases/download/rosters/roster_2026.csv | https://github.com/nflverse/nflverse-data/releases/download/players/players.csv | https://www.nbcsports.com/fantasy/football/news/draftkings-2026-best-ball-rankings-jahmyr-gibbs-is-your-new-1-01 | https://www.fftoday.com/rankings/26-adp-half-ppr.html | https://www.footballguys.com/adp?season=2026
,287,Jaylin Noel,00-0040138,HOU,WR,215.3,-$4.38,117,3.32,Active,,2026-09-09,https://github.com/nflverse/nflverse-data/releases/download/rosters/roster_2026.csv | https://github.com/nflverse/nflverse-data/releases/download/players/players.csv | https://hashtagfootball.com/fantasy-football-adp-yahoo | https://www.nbcsports.com/fantasy/football/news/draftkings-2026-best-ball-rankings-jahmyr-gibbs-is-your-new-1-01 | https://www.fftoday.com/rankings/26-adp-half-ppr.html | https://www.footballguys.com/adp?season=2026
,288,Jaydon Blue,00-0040586,PHI,RB,219.3,-$4.43,88,4.41,Practice Squad,,2026-09-09,https://github.com/nflverse/nflverse-data/releases/download/rosters/roster_2026.csv | https://github.com/nflverse/nflverse-data/releases/download/players/players.csv | https://hashtagfootball.com/fantasy-football-adp-yahoo | https://www.nbcsports.com/fantasy/football/news/draftkings-2026-best-ball-rankings-jahmyr-gibbs-is-your-new-1-01 | https://www.fftoday.com/rankings/26-adp-half-ppr.html | https://www.footballguys.com/adp?season=2026
,289,Drew Sample,00-0035631,CIN,TE,321.3,-$4.43,51,4.06,Active,,2026-09-09,https://github.com/nflverse/nflverse-data/releases/download/rosters/roster_2026.csv | https://github.com/nflverse/nflverse-data/releases/download/players/players.csv | https://www.nbcsports.com/fantasy/football/news/draftkings-2026-best-ball-rankings-jahmyr-gibbs-is-your-new-1-01 | https://www.fftoday.com/rankings/26-adp-half-ppr.html | https://www.footballguys.com/adp?season=2026
,290,Keon Coleman,00-0039901,BUF,WR,237.7,-$4.46,118,3.3,Active,,2026-09-09,https://github.com/nflverse/nflverse-data/releases/download/rosters/roster_2026.csv | https://github.com/nflverse/nflverse-data/releases/download/players/players.csv | https://www.nbcsports.com/fantasy/football/news/draftkings-2026-best-ball-rankings-jahmyr-gibbs-is-your-new-1-01 | https://www.fftoday.com/rankings/26-adp-half-ppr.html | https://www.footballguys.com/adp?season=2026
,291,KaVontae Turpin,00-0037801,DAL,WR,312.9,-$4.49,119,3.29,Active,,2026-09-09,https://github.com/nflverse/nflverse-data/releases/download/rosters/roster_2026.csv | https://github.com/nflverse/nflverse-data/releases/download/players/players.csv | https://www.nbcsports.com/fantasy/football/news/draftkings-2026-best-ball-rankings-jahmyr-gibbs-is-your-new-1-01 | https://www.fftoday.com/rankings/26-adp-half-ppr.html | https://www.footballguys.com/adp?season=2026
,292,Treylon Burks,00-0037742,WAS,WR,360,-$4.50,120,3.28,Active,,2026-09-09,https://github.com/nflverse/nflverse-data/releases/download/rosters/roster_2026.csv | https://github.com/nflverse/nflverse-data/releases/download/players/players.csv | https://www.nbcsports.com/fantasy/football/news/draftkings-2026-best-ball-rankings-jahmyr-gibbs-is-your-new-1-01 | https://www.fftoday.com/rankings/26-adp-half-ppr.html | https://www.footballguys.com/adp?season=2026
,293,Eli Heidenreich,00-0041490,PIT,RB,394,-$4.54,89,4.38,Active,,2026-09-09,https://github.com/nflverse/nflverse-data/releases/download/rosters/roster_2026.csv | https://github.com/nflverse/nflverse-data/releases/download/players/players.csv | https://www.nbcsports.com/fantasy/football/news/draftkings-2026-best-ball-rankings-jahmyr-gibbs-is-your-new-1-01 | https://www.fftoday.com/rankings/26-adp-half-ppr.html | https://www.footballguys.com/adp?season=2026
,294,Jacob Saylors,00-0038896,DET,RB,241.7,-$4.55,90,4.37,Active,,2026-09-09,https://github.com/nflverse/nflverse-data/releases/download/rosters/roster_2026.csv | https://github.com/nflverse/nflverse-data/releases/download/players/players.csv | https://www.nbcsports.com/fantasy/football/news/draftkings-2026-best-ball-rankings-jahmyr-gibbs-is-your-new-1-01 | https://www.fftoday.com/rankings/26-adp-half-ppr.html | https://www.footballguys.com/adp?season=2026
,295,Sterling Shepard,00-0032385,FA,WR,298.5,-$4.57,121,3.26,Free Agent,,2026-09-09,https://github.com/nflverse/nflverse-data/releases/download/rosters/roster_2026.csv | https://github.com/nflverse/nflverse-data/releases/download/players/players.csv | https://www.nbcsports.com/fantasy/football/news/draftkings-2026-best-ball-rankings-jahmyr-gibbs-is-your-new-1-01 | https://www.footballguys.com/adp?season=2026
,296,Zavier Scott,00-0038440,CHI,RB,340,-$4.58,91,4.36,Practice Squad,,2026-09-09,https://github.com/nflverse/nflverse-data/releases/download/rosters/roster_2026.csv | https://github.com/nflverse/nflverse-data/releases/download/players/players.csv | https://www.footballguys.com/adp?season=2026
,297,Jaret Patterson,00-0036755,FA,RB,UD,-$4.60,92,4.36,Free Agent,,,https://github.com/nflverse/nflverse-data/releases/download/rosters/roster_2026.csv | https://github.com/nflverse/nflverse-data/releases/download/players/players.csv
,298,Dontayvion Wicks,00-0038393,PHI,WR,164,-$4.67,122,3.23,Active,,2026-09-09,https://github.com/nflverse/nflverse-data/releases/download/rosters/roster_2026.csv | https://github.com/nflverse/nflverse-data/releases/download/players/players.csv | https://hashtagfootball.com/fantasy-football-adp-yahoo | https://www.nbcsports.com/fantasy/football/news/draftkings-2026-best-ball-rankings-jahmyr-gibbs-is-your-new-1-01 | https://www.fftoday.com/rankings/26-adp-half-ppr.html | https://www.footballguys.com/adp?season=2026
,299,Adam Trautman,00-0036422,DEN,TE,387,-$4.75,52,3.98,Active,,2026-09-09,https://github.com/nflverse/nflverse-data/releases/download/rosters/roster_2026.csv | https://github.com/nflverse/nflverse-data/releases/download/players/players.csv | https://www.nbcsports.com/fantasy/football/news/draftkings-2026-best-ball-rankings-jahmyr-gibbs-is-your-new-1-01 | https://www.fftoday.com/rankings/26-adp-half-ppr.html
,300,Corey Kiner,00-0040556,NE,RB,341.3,-$4.78,93,4.3,Active,,2026-09-09,https://github.com/nflverse/nflverse-data/releases/download/rosters/roster_2026.csv | https://github.com/nflverse/nflverse-data/releases/download/players/players.csv | https://www.nbcsports.com/fantasy/football/news/draftkings-2026-best-ball-rankings-jahmyr-gibbs-is-your-new-1-01 | https://www.fftoday.com/rankings/26-adp-half-ppr.html | https://www.footballguys.com/adp?season=2026
,301,Jawhar Jordan,00-0039405,HOU,RB,390,-$4.80,94,4.3,Practice Squad,,2026-09-09,https://github.com/nflverse/nflverse-data/releases/download/rosters/roster_2026.csv | https://github.com/nflverse/nflverse-data/releases/download/players/players.csv | https://www.footballguys.com/adp?season=2026
,302,David Sills,00-0035359,TB,WR,UD,-$4.92,123,3.15,Reserve,,,https://github.com/nflverse/nflverse-data/releases/download/rosters/roster_2026.csv | https://github.com/nflverse/nflverse-data/releases/download/players/players.csv
,303,Jonnu Smith,00-0033858,GB,TE,387.3,-$4.93,53,3.93,Active,,2026-09-09,https://github.com/nflverse/nflverse-data/releases/download/rosters/roster_2026.csv | https://github.com/nflverse/nflverse-data/releases/download/players/players.csv | https://www.nbcsports.com/fantasy/football/news/draftkings-2026-best-ball-rankings-jahmyr-gibbs-is-your-new-1-01 | https://www.fftoday.com/rankings/26-adp-half-ppr.html | https://www.footballguys.com/adp?season=2026
,304,Olamide Zaccheaus,00-0035208,ATL,WR,391.5,-$4.96,124,3.14,Active,,2026-09-09,https://github.com/nflverse/nflverse-data/releases/download/rosters/roster_2026.csv | https://github.com/nflverse/nflverse-data/releases/download/players/players.csv | https://www.nbcsports.com/fantasy/football/news/draftkings-2026-best-ball-rankings-jahmyr-gibbs-is-your-new-1-01 | https://www.fftoday.com/rankings/26-adp-half-ppr.html
,305,Raheim Sanders,00-0040466,CLE,RB,299,-$4.99,95,4.24,Active,,2026-09-09,https://github.com/nflverse/nflverse-data/releases/download/rosters/roster_2026.csv | https://github.com/nflverse/nflverse-data/releases/download/players/players.csv | https://www.nbcsports.com/fantasy/football/news/draftkings-2026-best-ball-rankings-jahmyr-gibbs-is-your-new-1-01 | https://www.footballguys.com/adp?season=2026
,306,Kyle Williams,00-0040131,NE,WR,348.3,-$5.09,125,3.1,Active,,2026-09-09,https://github.com/nflverse/nflverse-data/releases/download/rosters/roster_2026.csv | https://github.com/nflverse/nflverse-data/releases/download/players/players.csv | https://www.nbcsports.com/fantasy/football/news/draftkings-2026-best-ball-rankings-jahmyr-gibbs-is-your-new-1-01 | https://www.fftoday.com/rankings/26-adp-half-ppr.html | https://www.footballguys.com/adp?season=2026
,307,Darius Slayton,00-0035535,NYG,WR,259,-$5.13,126,3.09,Active,,2026-09-09,https://github.com/nflverse/nflverse-data/releases/download/rosters/roster_2026.csv | https://github.com/nflverse/nflverse-data/releases/download/players/players.csv | https://www.nbcsports.com/fantasy/football/news/draftkings-2026-best-ball-rankings-jahmyr-gibbs-is-your-new-1-01 | https://www.fftoday.com/rankings/26-adp-half-ppr.html
,308,Rasheen Ali,00-0039796,BAL,RB,392.3,-$5.19,96,4.18,Active,,2026-09-09,https://github.com/nflverse/nflverse-data/releases/download/rosters/roster_2026.csv | https://github.com/nflverse/nflverse-data/releases/download/players/players.csv | https://www.nbcsports.com/fantasy/football/news/draftkings-2026-best-ball-rankings-jahmyr-gibbs-is-your-new-1-01 | https://www.fftoday.com/rankings/26-adp-half-ppr.html | https://www.footballguys.com/adp?season=2026
,309,Connor Heyward,00-0037304,LV,TE,UD,-$5.21,54,3.86,Active,,,https://github.com/nflverse/nflverse-data/releases/download/rosters/roster_2026.csv | https://github.com/nflverse/nflverse-data/releases/download/players/players.csv
,310,Zay Jones,00-0033891,FA,WR,280,-$5.21,127,3.06,Free Agent,,2026-09-09,https://github.com/nflverse/nflverse-data/releases/download/rosters/roster_2026.csv | https://github.com/nflverse/nflverse-data/releases/download/players/players.csv | https://www.footballguys.com/adp?season=2026
,311,Tua Tagovailoa,00-0036212,ATL,QB,228.9,-$5.21,34,8.4,Active,,2026-09-09,https://github.com/nflverse/nflverse-data/releases/download/rosters/roster_2026.csv | https://github.com/nflverse/nflverse-data/releases/download/players/players.csv | https://www.nbcsports.com/fantasy/football/news/draftkings-2026-best-ball-rankings-jahmyr-gibbs-is-your-new-1-01 | https://www.fftoday.com/rankings/26-adp-half-ppr.html | https://www.footballguys.com/adp?season=2026
,312,Devin Singletary,00-0035250,NYG,RB,315.5,-$5.40,97,4.11,Active,,2026-09-09,https://github.com/nflverse/nflverse-data/releases/download/rosters/roster_2026.csv | https://github.com/nflverse/nflverse-data/releases/download/players/players.csv | https://www.nbcsports.com/fantasy/football/news/draftkings-2026-best-ball-rankings-jahmyr-gibbs-is-your-new-1-01 | https://www.fftoday.com/rankings/26-adp-half-ppr.html
,313,Xavier Hutchinson,00-0038618,HOU,WR,315.1,-$5.46,128,2.98,Active,,2026-09-09,https://github.com/nflverse/nflverse-data/releases/download/rosters/roster_2026.csv | https://github.com/nflverse/nflverse-data/releases/download/players/players.csv | https://www.nbcsports.com/fantasy/football/news/draftkings-2026-best-ball-rankings-jahmyr-gibbs-is-your-new-1-01 | https://www.fftoday.com/rankings/26-adp-half-ppr.html | https://www.footballguys.com/adp?season=2026
,314,Isaiah Davis,00-0039798,NYJ,RB,350.2,-$5.46,98,4.1,Active,,2026-09-09,https://github.com/nflverse/nflverse-data/releases/download/rosters/roster_2026.csv | https://github.com/nflverse/nflverse-data/releases/download/players/players.csv | https://www.nbcsports.com/fantasy/football/news/draftkings-2026-best-ball-rankings-jahmyr-gibbs-is-your-new-1-01 | https://www.fftoday.com/rankings/26-adp-half-ppr.html | https://www.footballguys.com/adp?season=2026
,315,Mitchell Tinsley,00-0038839,HOU,WR,UD,-$5.48,129,2.98,Practice Squad,,,https://github.com/nflverse/nflverse-data/releases/download/rosters/roster_2026.csv | https://github.com/nflverse/nflverse-data/releases/download/players/players.csv
,316,Justin Joly,00-0041077,MIA,TE,385,-$5.60,55,3.75,Active,,2026-09-09,https://github.com/nflverse/nflverse-data/releases/download/rosters/roster_2026.csv | https://github.com/nflverse/nflverse-data/releases/download/players/players.csv | https://www.nbcsports.com/fantasy/football/news/draftkings-2026-best-ball-rankings-jahmyr-gibbs-is-your-new-1-01 | https://www.fftoday.com/rankings/26-adp-half-ppr.html | https://www.footballguys.com/adp?season=2026
,317,Dyami Brown,00-0036626,WAS,WR,339,-$5.65,130,2.92,Active,,2026-09-09,https://github.com/nflverse/nflverse-data/releases/download/rosters/roster_2026.csv | https://github.com/nflverse/nflverse-data/releases/download/players/players.csv | https://www.nbcsports.com/fantasy/football/news/draftkings-2026-best-ball-rankings-jahmyr-gibbs-is-your-new-1-01 | https://www.fftoday.com/rankings/26-adp-half-ppr.html | https://www.footballguys.com/adp?season=2026
,318,Noah Fant,00-0035644,NO,TE,380.7,-$5.67,56,3.73,Active,,2026-09-09,https://github.com/nflverse/nflverse-data/releases/download/rosters/roster_2026.csv | https://github.com/nflverse/nflverse-data/releases/download/players/players.csv | https://www.nbcsports.com/fantasy/football/news/draftkings-2026-best-ball-rankings-jahmyr-gibbs-is-your-new-1-01 | https://www.fftoday.com/rankings/26-adp-half-ppr.html | https://www.footballguys.com/adp?season=2026
,319,Brandin Cooks,00-0031236,FA,WR,332,-$5.68,131,2.91,Free Agent,,2026-09-09,https://github.com/nflverse/nflverse-data/releases/download/rosters/roster_2026.csv | https://github.com/nflverse/nflverse-data/releases/download/players/players.csv | https://www.nbcsports.com/fantasy/football/news/draftkings-2026-best-ball-rankings-jahmyr-gibbs-is-your-new-1-01
,320,Michael Mayer,00-0039066,LV,TE,312.7,-$5.72,57,3.72,Active,,2026-09-09,https://github.com/nflverse/nflverse-data/releases/download/rosters/roster_2026.csv | https://github.com/nflverse/nflverse-data/releases/download/players/players.csv | https://www.nbcsports.com/fantasy/football/news/draftkings-2026-best-ball-rankings-jahmyr-gibbs-is-your-new-1-01 | https://www.fftoday.com/rankings/26-adp-half-ppr.html | https://www.footballguys.com/adp?season=2026
,321,Kene Nwangwu,00-0036842,NYJ,RB,310,-$5.79,99,4,Active,,2026-09-09,https://github.com/nflverse/nflverse-data/releases/download/rosters/roster_2026.csv | https://github.com/nflverse/nflverse-data/releases/download/players/players.csv | https://www.footballguys.com/adp?season=2026
,322,British Brooks,00-0039603,HOU,RB,UD,-$5.94,100,3.95,Active,,,https://github.com/nflverse/nflverse-data/releases/download/rosters/roster_2026.csv | https://github.com/nflverse/nflverse-data/releases/download/players/players.csv
,323,Darnell Mooney,00-0036309,NYG,WR,235.2,-$6.10,132,2.78,Active,,2026-09-09,https://github.com/nflverse/nflverse-data/releases/download/rosters/roster_2026.csv | https://github.com/nflverse/nflverse-data/releases/download/players/players.csv | https://www.nbcsports.com/fantasy/football/news/draftkings-2026-best-ball-rankings-jahmyr-gibbs-is-your-new-1-01 | https://www.fftoday.com/rankings/26-adp-half-ppr.html | https://www.footballguys.com/adp?season=2026
,324,Jimmy Horn Jr.,00-0040218,CAR,WR,345,-$6.13,133,2.77,Active,,2026-09-09,https://github.com/nflverse/nflverse-data/releases/download/rosters/roster_2026.csv | https://github.com/nflverse/nflverse-data/releases/download/players/players.csv | https://www.nbcsports.com/fantasy/football/news/draftkings-2026-best-ball-rankings-jahmyr-gibbs-is-your-new-1-01 | https://www.fftoday.com/rankings/26-adp-half-ppr.html | https://www.footballguys.com/adp?season=2026
,325,Jordan Whittington,00-0039751,LAR,WR,354,-$6.30,134,2.72,Active,,2026-09-09,https://github.com/nflverse/nflverse-data/releases/download/rosters/roster_2026.csv | https://github.com/nflverse/nflverse-data/releases/download/players/players.csv | https://www.nbcsports.com/fantasy/football/news/draftkings-2026-best-ball-rankings-jahmyr-gibbs-is-your-new-1-01 | https://www.fftoday.com/rankings/26-adp-half-ppr.html | https://www.footballguys.com/adp?season=2026
,326,Luke Schoonmaker,00-0038547,DAL,TE,UD,-$6.32,58,3.56,Active,,,https://github.com/nflverse/nflverse-data/releases/download/rosters/roster_2026.csv | https://github.com/nflverse/nflverse-data/releases/download/players/players.csv
,327,Hunter Long,00-0037004,ARI,TE,UD,-$6.40,59,3.54,Active,,,https://github.com/nflverse/nflverse-data/releases/download/rosters/roster_2026.csv | https://github.com/nflverse/nflverse-data/releases/download/players/players.csv
,328,Ollie Gordon II,00-0040198,MIA,RB,326.4,-$6.40,101,3.81,Active,,2026-09-09,https://github.com/nflverse/nflverse-data/releases/download/rosters/roster_2026.csv | https://github.com/nflverse/nflverse-data/releases/download/players/players.csv | https://www.nbcsports.com/fantasy/football/news/draftkings-2026-best-ball-rankings-jahmyr-gibbs-is-your-new-1-01 | https://www.fftoday.com/rankings/26-adp-half-ppr.html | https://www.footballguys.com/adp?season=2026
,329,Julius Chestnut,00-0037594,TEN,RB,UD,-$6.56,102,3.76,Active,,,https://github.com/nflverse/nflverse-data/releases/download/rosters/roster_2026.csv | https://github.com/nflverse/nflverse-data/releases/download/players/players.csv
,330,Terrell Jennings,00-0039757,FA,RB,UD,-$6.67,103,3.73,Free Agent,,,https://github.com/nflverse/nflverse-data/releases/download/rosters/roster_2026.csv | https://github.com/nflverse/nflverse-data/releases/download/players/players.csv
,331,Dylan Laube,00-0039407,LV,RB,341,-$6.79,104,3.69,Active,,2026-09-09,https://github.com/nflverse/nflverse-data/releases/download/rosters/roster_2026.csv | https://github.com/nflverse/nflverse-data/releases/download/players/players.csv | https://www.fftoday.com/rankings/26-adp-half-ppr.html | https://www.footballguys.com/adp?season=2026
,332,Bam Knight,00-0037157,ARI,RB,355,-$6.93,105,3.65,Active,,2026-09-09,https://github.com/nflverse/nflverse-data/releases/download/rosters/roster_2026.csv | https://github.com/nflverse/nflverse-data/releases/download/players/players.csv | https://www.nbcsports.com/fantasy/football/news/draftkings-2026-best-ball-rankings-jahmyr-gibbs-is-your-new-1-01 | https://www.footballguys.com/adp?season=2026
,333,Carson Beck,00-0041561,ARI,QB,341,-$6.98,35,7.3,Active,,2026-09-09,https://github.com/nflverse/nflverse-data/releases/download/rosters/roster_2026.csv | https://github.com/nflverse/nflverse-data/releases/download/players/players.csv | https://www.nbcsports.com/fantasy/football/news/draftkings-2026-best-ball-rankings-jahmyr-gibbs-is-your-new-1-01 | https://www.fftoday.com/rankings/26-adp-half-ppr.html | https://www.footballguys.com/adp?season=2026
,334,Xavier Smith,00-0038359,LAR,WR,374,-$7.12,135,2.46,Active,,2026-09-09,https://github.com/nflverse/nflverse-data/releases/download/rosters/roster_2026.csv | https://github.com/nflverse/nflverse-data/releases/download/players/players.csv | https://www.fftoday.com/rankings/26-adp-half-ppr.html
,335,Davis Allen,00-0039074,LAR,TE,292,-$7.14,60,3.34,Active,,2026-09-09,https://github.com/nflverse/nflverse-data/releases/download/rosters/roster_2026.csv | https://github.com/nflverse/nflverse-data/releases/download/players/players.csv | https://www.footballguys.com/adp?season=2026
,336,Ronnie Rivers,00-0037557,LAR,RB,UD,-$7.15,106,3.58,Active,,,https://github.com/nflverse/nflverse-data/releases/download/rosters/roster_2026.csv | https://github.com/nflverse/nflverse-data/releases/download/players/players.csv
,337,Greg Dortch,00-0035500,BUF,WR,337.3,-$7.26,136,2.42,Practice Squad,,2026-09-09,https://github.com/nflverse/nflverse-data/releases/download/rosters/roster_2026.csv | https://github.com/nflverse/nflverse-data/releases/download/players/players.csv | https://www.nbcsports.com/fantasy/football/news/draftkings-2026-best-ball-rankings-jahmyr-gibbs-is-your-new-1-01 | https://www.fftoday.com/rankings/26-adp-half-ppr.html | https://www.footballguys.com/adp?season=2026
,338,Jaleel McLaughlin,00-0038794,CLE,RB,308,-$7.40,107,3.5,Practice Squad,,2026-09-09,https://github.com/nflverse/nflverse-data/releases/download/rosters/roster_2026.csv | https://github.com/nflverse/nflverse-data/releases/download/players/players.csv | https://www.nbcsports.com/fantasy/football/news/draftkings-2026-best-ball-rankings-jahmyr-gibbs-is-your-new-1-01 | https://www.footballguys.com/adp?season=2026
,339,AJ Dillon,00-0036265,CAR,RB,343.7,-$7.45,108,3.49,Active,,2026-09-09,https://github.com/nflverse/nflverse-data/releases/download/rosters/roster_2026.csv | https://github.com/nflverse/nflverse-data/releases/download/players/players.csv | https://www.nbcsports.com/fantasy/football/news/draftkings-2026-best-ball-rankings-jahmyr-gibbs-is-your-new-1-01 | https://www.fftoday.com/rankings/26-adp-half-ppr.html | https://www.footballguys.com/adp?season=2026
,340,Will Dissly,00-0034159,FA,TE,UD,-$7.45,61,3.26,Free Agent,,,https://github.com/nflverse/nflverse-data/releases/download/rosters/roster_2026.csv | https://github.com/nflverse/nflverse-data/releases/download/players/players.csv
,341,Austin Ekeler,00-0033699,FA,RB,339,-$7.46,109,3.49,Free Agent,,2026-09-09,https://github.com/nflverse/nflverse-data/releases/download/rosters/roster_2026.csv | https://github.com/nflverse/nflverse-data/releases/download/players/players.csv | https://www.nbcsports.com/fantasy/football/news/draftkings-2026-best-ball-rankings-jahmyr-gibbs-is-your-new-1-01 | https://www.footballguys.com/adp?season=2026
,342,Adam Prentice,00-0036727,DEN,RB,UD,-$7.47,110,3.48,Practice Squad,,,https://github.com/nflverse/nflverse-data/releases/download/rosters/roster_2026.csv | https://github.com/nflverse/nflverse-data/releases/download/players/players.csv
,343,Anthony Richardson Sr.,00-0039164,IND,QB,384.3,-$7.60,36,7,Active,,2026-09-09,https://github.com/nflverse/nflverse-data/releases/download/rosters/roster_2026.csv | https://github.com/nflverse/nflverse-data/releases/download/players/players.csv | https://www.nbcsports.com/fantasy/football/news/draftkings-2026-best-ball-rankings-jahmyr-gibbs-is-your-new-1-01 | https://www.fftoday.com/rankings/26-adp-half-ppr.html | https://www.footballguys.com/adp?season=2026
,344,Ameer Abdullah,00-0032104,JAC,RB,346,-$7.60,111,3.44,Active,,2026-09-09,https://github.com/nflverse/nflverse-data/releases/download/rosters/roster_2026.csv | https://github.com/nflverse/nflverse-data/releases/download/players/players.csv | https://www.nbcsports.com/fantasy/football/news/draftkings-2026-best-ball-rankings-jahmyr-gibbs-is-your-new-1-01 | https://www.footballguys.com/adp?season=2026
,345,Greg Dulcich,00-0037252,MIA,TE,176.4,-$7.62,62,3.21,Active,,2026-09-09,https://github.com/nflverse/nflverse-data/releases/download/rosters/roster_2026.csv | https://github.com/nflverse/nflverse-data/releases/download/players/players.csv | https://hashtagfootball.com/fantasy-football-adp-yahoo | https://www.nbcsports.com/fantasy/football/news/draftkings-2026-best-ball-rankings-jahmyr-gibbs-is-your-new-1-01 | https://www.fftoday.com/rankings/26-adp-half-ppr.html | https://www.footballguys.com/adp?season=2026
,346,Adam Thielen,00-0030035,MIN,WR,UD,-$7.63,137,2.3,Retired,,,https://github.com/nflverse/nflverse-data/releases/download/rosters/roster_2026.csv | https://github.com/nflverse/nflverse-data/releases/download/players/players.csv
,347,Miles Sanders,00-0035243,FA,RB,302,-$7.68,112,3.42,Free Agent,,2026-09-09,https://github.com/nflverse/nflverse-data/releases/download/rosters/roster_2026.csv | https://github.com/nflverse/nflverse-data/releases/download/players/players.csv | https://www.footballguys.com/adp?season=2026
,348,Elijah Higgins,00-0039041,ARI,TE,393,-$7.71,63,3.19,Active,,2026-09-09,https://github.com/nflverse/nflverse-data/releases/download/rosters/roster_2026.csv | https://github.com/nflverse/nflverse-data/releases/download/players/players.csv | https://www.nbcsports.com/fantasy/football/news/draftkings-2026-best-ball-rankings-jahmyr-gibbs-is-your-new-1-01 | https://www.fftoday.com/rankings/26-adp-half-ppr.html | https://www.footballguys.com/adp?season=2026
,349,Tyler Huntley,00-0035993,BAL,QB,388,-$7.75,37,6.8,Active,,2026-09-09,https://github.com/nflverse/nflverse-data/releases/download/rosters/roster_2026.csv | https://github.com/nflverse/nflverse-data/releases/download/players/players.csv | https://www.nbcsports.com/fantasy/football/news/draftkings-2026-best-ball-rankings-jahmyr-gibbs-is-your-new-1-01 | https://www.fftoday.com/rankings/26-adp-half-ppr.html | https://www.footballguys.com/adp?season=2026
,350,Calvin Austin III,00-0037837,NYG,WR,465,-$7.77,138,2.25,Reserve,,2026-09-09,https://github.com/nflverse/nflverse-data/releases/download/rosters/roster_2026.csv | https://github.com/nflverse/nflverse-data/releases/download/players/players.csv | https://www.footballguys.com/adp?season=2026
,351,Noah Gray,00-0036637,KC,TE,370.5,-$7.84,64,3.15,Active,,2026-09-09,https://github.com/nflverse/nflverse-data/releases/download/rosters/roster_2026.csv | https://github.com/nflverse/nflverse-data/releases/download/players/players.csv | https://www.nbcsports.com/fantasy/football/news/draftkings-2026-best-ball-rankings-jahmyr-gibbs-is-your-new-1-01 | https://www.fftoday.com/rankings/26-adp-half-ppr.html
,352,Antonio Gibson,00-0036328,FA,RB,UD,-$7.86,113,3.37,Free Agent,,,https://github.com/nflverse/nflverse-data/releases/download/rosters/roster_2026.csv | https://github.com/nflverse/nflverse-data/releases/download/players/players.csv
,353,Tyrell Shavers,00-0038679,BUF,WR,303,-$7.88,139,2.22,Reserve,,2026-09-09,https://github.com/nflverse/nflverse-data/releases/download/rosters/roster_2026.csv | https://github.com/nflverse/nflverse-data/releases/download/players/players.csv | https://www.fftoday.com/rankings/26-adp-half-ppr.html
,354,Mitchell Evans,00-0040187,CAR,TE,377.3,-$7.91,65,3.13,Active,,2026-09-09,https://github.com/nflverse/nflverse-data/releases/download/rosters/roster_2026.csv | https://github.com/nflverse/nflverse-data/releases/download/players/players.csv | https://www.nbcsports.com/fantasy/football/news/draftkings-2026-best-ball-rankings-jahmyr-gibbs-is-your-new-1-01 | https://www.fftoday.com/rankings/26-adp-half-ppr.html | https://www.footballguys.com/adp?season=2026
,355,Hunter Renfrow,00-0034983,FA,WR,327,-$7.96,140,2.19,Free Agent,,2026-09-09,https://github.com/nflverse/nflverse-data/releases/download/rosters/roster_2026.csv | https://github.com/nflverse/nflverse-data/releases/download/players/players.csv | https://www.fftoday.com/rankings/26-adp-half-ppr.html
,356,Will Shipley,00-0039746,PHI,RB,335.5,-$7.97,114,3.33,Active,,2026-09-09,https://github.com/nflverse/nflverse-data/releases/download/rosters/roster_2026.csv | https://github.com/nflverse/nflverse-data/releases/download/players/players.csv | https://www.nbcsports.com/fantasy/football/news/draftkings-2026-best-ball-rankings-jahmyr-gibbs-is-your-new-1-01 | https://www.footballguys.com/adp?season=2026
,357,Trayveon Williams,00-0035291,FA,RB,UD,-$8.07,115,3.3,Free Agent,,,https://github.com/nflverse/nflverse-data/releases/download/rosters/roster_2026.csv | https://github.com/nflverse/nflverse-data/releases/download/players/players.csv
,358,Justin Fields,00-0036945,KC,QB,435,-$8.11,38,6.6,Active,,2026-09-09,https://github.com/nflverse/nflverse-data/releases/download/rosters/roster_2026.csv | https://github.com/nflverse/nflverse-data/releases/download/players/players.csv | https://www.nbcsports.com/fantasy/football/news/draftkings-2026-best-ball-rankings-jahmyr-gibbs-is-your-new-1-01 | https://www.fftoday.com/rankings/26-adp-half-ppr.html | https://www.footballguys.com/adp?season=2026
,359,Jeremy McNichols,00-0033955,WAS,RB,322,-$8.14,116,3.28,Reserve,,2026-09-09,https://github.com/nflverse/nflverse-data/releases/download/rosters/roster_2026.csv | https://github.com/nflverse/nflverse-data/releases/download/players/players.csv | https://www.footballguys.com/adp?season=2026
,360,Elijah Moore,00-0036980,PHI,WR,306,-$8.16,141,2.13,Active,,2026-09-09,https://github.com/nflverse/nflverse-data/releases/download/rosters/roster_2026.csv | https://github.com/nflverse/nflverse-data/releases/download/players/players.csv | https://www.nbcsports.com/fantasy/football/news/draftkings-2026-best-ball-rankings-jahmyr-gibbs-is-your-new-1-01 | https://www.footballguys.com/adp?season=2026
,361,Allen Lazard,00-0034521,FA,WR,UD,-$8.18,142,2.12,Free Agent,,,https://github.com/nflverse/nflverse-data/releases/download/rosters/roster_2026.csv | https://github.com/nflverse/nflverse-data/releases/download/players/players.csv
,362,Brandon Aiyuk,00-0036261,SF,WR,277,-$8.22,143,2.1,Reserve/Left Squad,,2026-09-09,https://github.com/nflverse/nflverse-data/releases/download/rosters/roster_2026.csv | https://github.com/nflverse/nflverse-data/releases/download/players/players.csv | https://www.nbcsports.com/fantasy/football/news/draftkings-2026-best-ball-rankings-jahmyr-gibbs-is-your-new-1-01 | https://www.fftoday.com/rankings/26-adp-half-ppr.html | https://www.footballguys.com/adp?season=2026
,363,Dare Ogunbowale,00-0033854,LV,RB,294,-$8.29,117,3.23,Practice Squad,,2026-09-09,https://github.com/nflverse/nflverse-data/releases/download/rosters/roster_2026.csv | https://github.com/nflverse/nflverse-data/releases/download/players/players.csv | https://www.footballguys.com/adp?season=2026
,364,Trey Benson,00-0039921,ARI,RB,339,-$8.30,118,3.23,Reserve,,2026-09-09,https://github.com/nflverse/nflverse-data/releases/download/rosters/roster_2026.csv | https://github.com/nflverse/nflverse-data/releases/download/players/players.csv | https://www.nbcsports.com/fantasy/football/news/draftkings-2026-best-ball-rankings-jahmyr-gibbs-is-your-new-1-01 | https://www.fftoday.com/rankings/26-adp-half-ppr.html | https://www.footballguys.com/adp?season=2026
,365,Tanner Hudson,00-0034613,CIN,TE,293,-$8.42,66,3,Practice Squad,,2026-09-09,https://github.com/nflverse/nflverse-data/releases/download/rosters/roster_2026.csv | https://github.com/nflverse/nflverse-data/releases/download/players/players.csv | https://www.footballguys.com/adp?season=2026
,366,Jameis Winston,00-0031503,NYG,QB,352.5,-$8.44,39,6.4,Active,,2026-09-09,https://github.com/nflverse/nflverse-data/releases/download/rosters/roster_2026.csv | https://github.com/nflverse/nflverse-data/releases/download/players/players.csv | https://www.nbcsports.com/fantasy/football/news/draftkings-2026-best-ball-rankings-jahmyr-gibbs-is-your-new-1-01 | https://www.fftoday.com/rankings/26-adp-half-ppr.html
,367,Roman Wilson,00-0039739,PIT,WR,375,-$8.50,144,2.02,Active,,2026-09-09,https://github.com/nflverse/nflverse-data/releases/download/rosters/roster_2026.csv | https://github.com/nflverse/nflverse-data/releases/download/players/players.csv | https://www.nbcsports.com/fantasy/football/news/draftkings-2026-best-ball-rankings-jahmyr-gibbs-is-your-new-1-01 | https://www.fftoday.com/rankings/26-adp-half-ppr.html | https://www.footballguys.com/adp?season=2026
,368,Mason Tipton,00-0039623,NO,WR,UD,-$8.62,145,1.99,Reserve,,,https://github.com/nflverse/nflverse-data/releases/download/rosters/roster_2026.csv | https://github.com/nflverse/nflverse-data/releases/download/players/players.csv
,369,James Conner,00-0033553,ARI,RB,229.8,-$8.66,119,3.12,Reserve,,2026-09-09,https://github.com/nflverse/nflverse-data/releases/download/rosters/roster_2026.csv | https://github.com/nflverse/nflverse-data/releases/download/players/players.csv | https://hashtagfootball.com/fantasy-football-adp-yahoo | https://www.nbcsports.com/fantasy/football/news/draftkings-2026-best-ball-rankings-jahmyr-gibbs-is-your-new-1-01 | https://www.fftoday.com/rankings/26-adp-half-ppr.html | https://www.footballguys.com/adp?season=2026
,370,Tahj Brooks,00-0040208,CIN,RB,383.7,-$8.70,120,3.11,Active,,2026-09-09,https://github.com/nflverse/nflverse-data/releases/download/rosters/roster_2026.csv | https://github.com/nflverse/nflverse-data/releases/download/players/players.csv | https://www.nbcsports.com/fantasy/football/news/draftkings-2026-best-ball-rankings-jahmyr-gibbs-is-your-new-1-01 | https://www.fftoday.com/rankings/26-adp-half-ppr.html | https://www.footballguys.com/adp?season=2026
,371,Jackson Hawes,00-0040194,BUF,TE,333.3,-$8.83,67,2.89,Active,,2026-09-09,https://github.com/nflverse/nflverse-data/releases/download/rosters/roster_2026.csv | https://github.com/nflverse/nflverse-data/releases/download/players/players.csv | https://www.nbcsports.com/fantasy/football/news/draftkings-2026-best-ball-rankings-jahmyr-gibbs-is-your-new-1-01 | https://www.fftoday.com/rankings/26-adp-half-ppr.html | https://www.footballguys.com/adp?season=2026
,372,Phil Mafah,00-0040021,FA,RB,363.5,-$8.92,121,3.04,Free Agent,,2026-09-09,https://github.com/nflverse/nflverse-data/releases/download/rosters/roster_2026.csv | https://github.com/nflverse/nflverse-data/releases/download/players/players.csv | https://www.nbcsports.com/fantasy/football/news/draftkings-2026-best-ball-rankings-jahmyr-gibbs-is-your-new-1-01 | https://www.footballguys.com/adp?season=2026
,373,Ty Chandler,00-0037276,NO,RB,UD,-$8.98,122,3.02,Reserve,,,https://github.com/nflverse/nflverse-data/releases/download/rosters/roster_2026.csv | https://github.com/nflverse/nflverse-data/releases/download/players/players.csv
,374,Joe Flacco,00-0026158,CIN,QB,366,-$9.03,40,6.1,Active,,2026-09-09,https://github.com/nflverse/nflverse-data/releases/download/rosters/roster_2026.csv | https://github.com/nflverse/nflverse-data/releases/download/players/players.csv | https://www.nbcsports.com/fantasy/football/news/draftkings-2026-best-ball-rankings-jahmyr-gibbs-is-your-new-1-01 | https://www.fftoday.com/rankings/26-adp-half-ppr.html
,375,Devin Neal,00-0040202,NO,RB,390.7,-$9.04,123,3.01,Reserve,,2026-09-09,https://github.com/nflverse/nflverse-data/releases/download/rosters/roster_2026.csv | https://github.com/nflverse/nflverse-data/releases/download/players/players.csv | https://www.nbcsports.com/fantasy/football/news/draftkings-2026-best-ball-rankings-jahmyr-gibbs-is-your-new-1-01 | https://www.fftoday.com/rankings/26-adp-half-ppr.html | https://www.footballguys.com/adp?season=2026
,376,Reggie Gilliam,00-0036187,NE,RB,UD,-$9.07,124,3,Active,,,https://github.com/nflverse/nflverse-data/releases/download/rosters/roster_2026.csv | https://github.com/nflverse/nflverse-data/releases/download/players/players.csv
,377,Jerome Ford,00-0037267,FA,RB,443,-$9.08,125,2.99,Free Agent,,2026-09-09,https://github.com/nflverse/nflverse-data/releases/download/rosters/roster_2026.csv | https://github.com/nflverse/nflverse-data/releases/download/players/players.csv | https://www.footballguys.com/adp?season=2026
,378,Isaac Guerendo,00-0039363,SF,RB,422.5,-$9.10,126,2.99,Reserve,,2026-09-09,https://github.com/nflverse/nflverse-data/releases/download/rosters/roster_2026.csv | https://github.com/nflverse/nflverse-data/releases/download/players/players.csv | https://www.fftoday.com/rankings/26-adp-half-ppr.html | https://www.footballguys.com/adp?season=2026
,379,Zamir White,00-0038040,NO,RB,308.5,-$9.10,127,2.99,Practice Squad,,2026-09-09,https://github.com/nflverse/nflverse-data/releases/download/rosters/roster_2026.csv | https://github.com/nflverse/nflverse-data/releases/download/players/players.csv | https://www.nbcsports.com/fantasy/football/news/draftkings-2026-best-ball-rankings-jahmyr-gibbs-is-your-new-1-01 | https://www.footballguys.com/adp?season=2026
,380,JuJu Smith-Schuster,00-0033857,FA,WR,271,-$9.12,146,1.83,Free Agent,,2026-09-09,https://github.com/nflverse/nflverse-data/releases/download/rosters/roster_2026.csv | https://github.com/nflverse/nflverse-data/releases/download/players/players.csv | https://www.nbcsports.com/fantasy/football/news/draftkings-2026-best-ball-rankings-jahmyr-gibbs-is-your-new-1-01 | https://www.footballguys.com/adp?season=2026
,381,Mason Taylor,00-0040736,NYJ,TE,304.7,-$9.18,68,2.8,Active,,2026-09-09,https://github.com/nflverse/nflverse-data/releases/download/rosters/roster_2026.csv | https://github.com/nflverse/nflverse-data/releases/download/players/players.csv | https://www.nbcsports.com/fantasy/football/news/draftkings-2026-best-ball-rankings-jahmyr-gibbs-is-your-new-1-01 | https://www.fftoday.com/rankings/26-adp-half-ppr.html | https://www.footballguys.com/adp?season=2026
,382,Clyde Edwards-Helaire,00-0036360,FA,RB,UD,-$9.25,128,2.94,Free Agent,,,https://github.com/nflverse/nflverse-data/releases/download/rosters/roster_2026.csv | https://github.com/nflverse/nflverse-data/releases/download/players/players.csv
,383,Tim Patrick,00-0033375,NYJ,WR,314,-$9.34,147,1.76,Active,,2026-09-09,https://github.com/nflverse/nflverse-data/releases/download/rosters/roster_2026.csv | https://github.com/nflverse/nflverse-data/releases/download/players/players.csv | https://www.fftoday.com/rankings/26-adp-half-ppr.html | https://www.footballguys.com/adp?season=2026
,384,Marvin Mims Jr.,00-0038976,DEN,WR,306,-$9.38,148,1.75,Active,,2026-09-09,https://github.com/nflverse/nflverse-data/releases/download/rosters/roster_2026.csv | https://github.com/nflverse/nflverse-data/releases/download/players/players.csv | https://www.nbcsports.com/fantasy/football/news/draftkings-2026-best-ball-rankings-jahmyr-gibbs-is-your-new-1-01 | https://www.fftoday.com/rankings/26-adp-half-ppr.html
,385,Ja'Tavion Sanders,00-0039356,CAR,TE,419.7,-$9.39,69,2.74,Active,,2026-09-09,https://github.com/nflverse/nflverse-data/releases/download/rosters/roster_2026.csv | https://github.com/nflverse/nflverse-data/releases/download/players/players.csv | https://www.nbcsports.com/fantasy/football/news/draftkings-2026-best-ball-rankings-jahmyr-gibbs-is-your-new-1-01 | https://www.fftoday.com/rankings/26-adp-half-ppr.html | https://www.footballguys.com/adp?season=2026
,386,Khalil Herbert,00-0036906,FA,RB,315,-$9.39,129,2.9,Free Agent,,2026-09-09,https://github.com/nflverse/nflverse-data/releases/download/rosters/roster_2026.csv | https://github.com/nflverse/nflverse-data/releases/download/players/players.csv | https://www.nbcsports.com/fantasy/football/news/draftkings-2026-best-ball-rankings-jahmyr-gibbs-is-your-new-1-01 | https://www.footballguys.com/adp?season=2026
,387,Evan Hull,00-0038397,ARI,RB,UD,-$9.39,130,2.9,Practice Squad,,,https://github.com/nflverse/nflverse-data/releases/download/rosters/roster_2026.csv | https://github.com/nflverse/nflverse-data/releases/download/players/players.csv
,388,D'Ernest Johnson,00-0035628,FA,RB,UD,-$9.46,131,2.88,Free Agent,,,https://github.com/nflverse/nflverse-data/releases/download/rosters/roster_2026.csv | https://github.com/nflverse/nflverse-data/releases/download/players/players.csv
,389,Nick Westbrook-Ikhine,00-0036182,IND,WR,389.3,-$9.55,149,1.7,Practice Squad,,2026-09-09,https://github.com/nflverse/nflverse-data/releases/download/rosters/roster_2026.csv | https://github.com/nflverse/nflverse-data/releases/download/players/players.csv | https://www.nbcsports.com/fantasy/football/news/draftkings-2026-best-ball-rankings-jahmyr-gibbs-is-your-new-1-01 | https://www.fftoday.com/rankings/26-adp-half-ppr.html | https://www.footballguys.com/adp?season=2026
,390,Josh Reynolds,00-0033943,FA,WR,UD,-$9.57,150,1.69,Free Agent,,,https://github.com/nflverse/nflverse-data/releases/download/rosters/roster_2026.csv | https://github.com/nflverse/nflverse-data/releases/download/players/players.csv
,391,Marquez Valdes-Scantling,00-0034272,FA,WR,282.5,-$9.60,151,1.68,Free Agent,,2026-09-09,https://github.com/nflverse/nflverse-data/releases/download/rosters/roster_2026.csv | https://github.com/nflverse/nflverse-data/releases/download/players/players.csv | https://www.nbcsports.com/fantasy/football/news/draftkings-2026-best-ball-rankings-jahmyr-gibbs-is-your-new-1-01 | https://www.footballguys.com/adp?season=2026
,392,Odell Beckham Jr.,00-0031235,NYG,WR,306.3,-$9.64,152,1.67,Active,,2026-09-09,https://github.com/nflverse/nflverse-data/releases/download/rosters/roster_2026.csv | https://github.com/nflverse/nflverse-data/releases/download/players/players.csv | https://www.nbcsports.com/fantasy/football/news/draftkings-2026-best-ball-rankings-jahmyr-gibbs-is-your-new-1-01 | https://www.fftoday.com/rankings/26-adp-half-ppr.html | https://www.footballguys.com/adp?season=2026
,393,Kevin Austin Jr.,00-0037231,NO,WR,UD,-$9.66,153,1.66,Practice Squad,,,https://github.com/nflverse/nflverse-data/releases/download/rosters/roster_2026.csv | https://github.com/nflverse/nflverse-data/releases/download/players/players.csv
,394,Luke Musgrave,00-0039144,GB,TE,382,-$9.66,70,2.66,Reserve,,2026-09-09,https://github.com/nflverse/nflverse-data/releases/download/rosters/roster_2026.csv | https://github.com/nflverse/nflverse-data/releases/download/players/players.csv | https://www.footballguys.com/adp?season=2026
,395,Trevor Etienne,00-0040644,CAR,RB,345.5,-$9.71,132,2.8,Reserve,,2026-09-09,https://github.com/nflverse/nflverse-data/releases/download/rosters/roster_2026.csv | https://github.com/nflverse/nflverse-data/releases/download/players/players.csv | https://www.nbcsports.com/fantasy/football/news/draftkings-2026-best-ball-rankings-jahmyr-gibbs-is-your-new-1-01 | https://www.footballguys.com/adp?season=2026
,396,Nate Carter,00-0040547,KC,RB,UD,-$9.76,133,2.79,Practice Squad,,,https://github.com/nflverse/nflverse-data/releases/download/rosters/roster_2026.csv | https://github.com/nflverse/nflverse-data/releases/download/players/players.csv
,397,Tyler Goodson,00-0037120,ATL,RB,329,-$9.77,134,2.78,Practice Squad,,2026-09-09,https://github.com/nflverse/nflverse-data/releases/download/rosters/roster_2026.csv | https://github.com/nflverse/nflverse-data/releases/download/players/players.csv | https://www.footballguys.com/adp?season=2026
,398,Tyler Badie,00-0037085,DEN,RB,320,-$9.87,135,2.75,Active,,2026-09-09,https://github.com/nflverse/nflverse-data/releases/download/rosters/roster_2026.csv | https://github.com/nflverse/nflverse-data/releases/download/players/players.csv | https://www.footballguys.com/adp?season=2026
,399,Dameon Pierce,00-0037258,PHI,RB,UD,-$9.89,136,2.75,Practice Squad,,,https://github.com/nflverse/nflverse-data/releases/download/rosters/roster_2026.csv | https://github.com/nflverse/nflverse-data/releases/download/players/players.csv
,400,Lil'Jordan Humphrey,00-0035406,DEN,WR,298,-$9.94,154,1.57,Active,,2026-09-09,https://github.com/nflverse/nflverse-data/releases/download/rosters/roster_2026.csv | https://github.com/nflverse/nflverse-data/releases/download/players/players.csv | https://www.footballguys.com/adp?season=2026
,401,Hassan Haskins,00-0037617,NE,RB,303,-$9.94,137,2.73,Practice Squad,,2026-09-09,https://github.com/nflverse/nflverse-data/releases/download/rosters/roster_2026.csv | https://github.com/nflverse/nflverse-data/releases/download/players/players.csv | https://www.footballguys.com/adp?season=2026
,402,Jeremy Ruckert,00-0037805,NYJ,TE,307,-$9.96,71,2.58,Active,,2026-09-09,https://github.com/nflverse/nflverse-data/releases/download/rosters/roster_2026.csv | https://github.com/nflverse/nflverse-data/releases/download/players/players.csv | https://www.footballguys.com/adp?season=2026
,403,Zavion Thomas,00-0041051,CHI,WR,292.3,-$10.00,155,1.56,Active,,2026-09-09,https://github.com/nflverse/nflverse-data/releases/download/rosters/roster_2026.csv | https://github.com/nflverse/nflverse-data/releases/download/players/players.csv | https://www.nbcsports.com/fantasy/football/news/draftkings-2026-best-ball-rankings-jahmyr-gibbs-is-your-new-1-01 | https://www.fftoday.com/rankings/26-adp-half-ppr.html | https://www.footballguys.com/adp?season=2026
,404,Jake Tonges,00-0037112,SF,TE,266.7,-$10.09,72,2.55,Active,,2026-09-09,https://github.com/nflverse/nflverse-data/releases/download/rosters/roster_2026.csv | https://github.com/nflverse/nflverse-data/releases/download/players/players.csv | https://www.nbcsports.com/fantasy/football/news/draftkings-2026-best-ball-rankings-jahmyr-gibbs-is-your-new-1-01 | https://www.fftoday.com/rankings/26-adp-half-ppr.html | https://www.footballguys.com/adp?season=2026
,405,Julian Hill,00-0038720,NE,TE,UD,-$10.10,73,2.55,Reserve,,,https://github.com/nflverse/nflverse-data/releases/download/rosters/roster_2026.csv | https://github.com/nflverse/nflverse-data/releases/download/players/players.csv
,406,Chris Moore,00-0032398,BAL,WR,UD,-$10.18,156,1.49,Practice Squad,,,https://github.com/nflverse/nflverse-data/releases/download/rosters/roster_2026.csv | https://github.com/nflverse/nflverse-data/releases/download/players/players.csv
,407,Malachi Corley,00-0039920,CLE,WR,UD,-$10.40,157,1.43,Active,,,https://github.com/nflverse/nflverse-data/releases/download/rosters/roster_2026.csv | https://github.com/nflverse/nflverse-data/releases/download/players/players.csv
,408,Marcus Mariota,00-0032268,WAS,QB,408.3,-$10.49,41,5.2,Active,,2026-09-09,https://github.com/nflverse/nflverse-data/releases/download/rosters/roster_2026.csv | https://github.com/nflverse/nflverse-data/releases/download/players/players.csv | https://www.nbcsports.com/fantasy/football/news/draftkings-2026-best-ball-rankings-jahmyr-gibbs-is-your-new-1-01 | https://www.fftoday.com/rankings/26-adp-half-ppr.html | https://www.footballguys.com/adp?season=2026
,409,Cade Klubnik,00-0041056,NYJ,QB,382.7,-$10.60,42,5.1,Active,,2026-09-09,https://github.com/nflverse/nflverse-data/releases/download/rosters/roster_2026.csv | https://github.com/nflverse/nflverse-data/releases/download/players/players.csv | https://www.nbcsports.com/fantasy/football/news/draftkings-2026-best-ball-rankings-jahmyr-gibbs-is-your-new-1-01 | https://www.fftoday.com/rankings/26-adp-half-ppr.html | https://www.footballguys.com/adp?season=2026
,410,J.J. McCarthy,00-0039923,MIN,QB,403.7,-$10.77,43,5,Active,,2026-09-09,https://github.com/nflverse/nflverse-data/releases/download/rosters/roster_2026.csv | https://github.com/nflverse/nflverse-data/releases/download/players/players.csv | https://www.nbcsports.com/fantasy/football/news/draftkings-2026-best-ball-rankings-jahmyr-gibbs-is-your-new-1-01 | https://www.fftoday.com/rankings/26-adp-half-ppr.html | https://www.footballguys.com/adp?season=2026
,411,Isaiah Hodgins,00-0036165,FA,WR,289,-$10.78,158,1.31,Free Agent,,2026-09-09,https://github.com/nflverse/nflverse-data/releases/download/rosters/roster_2026.csv | https://github.com/nflverse/nflverse-data/releases/download/players/players.csv | https://www.footballguys.com/adp?season=2026
,412,Van Jefferson,00-0036415,WAS,WR,UD,-$10.79,159,1.3,Practice Squad,,,https://github.com/nflverse/nflverse-data/releases/download/rosters/roster_2026.csv | https://github.com/nflverse/nflverse-data/releases/download/players/players.csv
,413,Mac Jones,00-0036972,SF,QB,375.3,-$11.28,44,4.7,Active,,2026-09-09,https://github.com/nflverse/nflverse-data/releases/download/rosters/roster_2026.csv | https://github.com/nflverse/nflverse-data/releases/download/players/players.csv | https://www.nbcsports.com/fantasy/football/news/draftkings-2026-best-ball-rankings-jahmyr-gibbs-is-your-new-1-01 | https://www.fftoday.com/rankings/26-adp-half-ppr.html | https://www.footballguys.com/adp?season=2026
,414,John Metchie III,00-0037614,CAR,WR,342.7,-$11.28,160,1.15,Active,,2026-09-09,https://github.com/nflverse/nflverse-data/releases/download/rosters/roster_2026.csv | https://github.com/nflverse/nflverse-data/releases/download/players/players.csv | https://www.nbcsports.com/fantasy/football/news/draftkings-2026-best-ball-rankings-jahmyr-gibbs-is-your-new-1-01 | https://www.fftoday.com/rankings/26-adp-half-ppr.html | https://www.footballguys.com/adp?season=2026
,415,Eli Raridon,00-0041395,NE,TE,319.9,-$11.34,74,2.21,Active,,2026-09-09,https://github.com/nflverse/nflverse-data/releases/download/rosters/roster_2026.csv | https://github.com/nflverse/nflverse-data/releases/download/players/players.csv | https://www.nbcsports.com/fantasy/football/news/draftkings-2026-best-ball-rankings-jahmyr-gibbs-is-your-new-1-01 | https://www.fftoday.com/rankings/26-adp-half-ppr.html | https://www.footballguys.com/adp?season=2026
,416,Dont'e Thornton Jr.,00-0040581,LV,WR,362,-$11.55,161,1.06,Reserve,,2026-09-09,https://github.com/nflverse/nflverse-data/releases/download/rosters/roster_2026.csv | https://github.com/nflverse/nflverse-data/releases/download/players/players.csv | https://www.fftoday.com/rankings/26-adp-half-ppr.html | https://www.footballguys.com/adp?season=2026
,417,Mason Rudolph,00-0034771,PIT,QB,367,-$11.60,45,4.5,Active,,2026-09-09,https://github.com/nflverse/nflverse-data/releases/download/rosters/roster_2026.csv | https://github.com/nflverse/nflverse-data/releases/download/players/players.csv | https://www.footballguys.com/adp?season=2026
,418,Brycen Tremayne,00-0038840,CAR,WR,319,-$11.63,162,1.04,Active,,2026-09-09,https://github.com/nflverse/nflverse-data/releases/download/rosters/roster_2026.csv | https://github.com/nflverse/nflverse-data/releases/download/players/players.csv | https://www.fftoday.com/rankings/26-adp-half-ppr.html
,419,Tyler Lockett,00-0032211,FA,WR,UD,-$11.72,163,1.01,Free Agent,,,https://github.com/nflverse/nflverse-data/releases/download/rosters/roster_2026.csv | https://github.com/nflverse/nflverse-data/releases/download/players/players.csv
,420,Spencer Rattler,00-0039376,NO,QB,406.3,-$11.78,46,4.4,Active,,2026-09-09,https://github.com/nflverse/nflverse-data/releases/download/rosters/roster_2026.csv | https://github.com/nflverse/nflverse-data/releases/download/players/players.csv | https://www.nbcsports.com/fantasy/football/news/draftkings-2026-best-ball-rankings-jahmyr-gibbs-is-your-new-1-01 | https://www.fftoday.com/rankings/26-adp-half-ppr.html | https://www.footballguys.com/adp?season=2026
,421,Tyler Johnson,00-0036427,FA,WR,UD,-$11.87,164,0.96,Free Agent,,,https://github.com/nflverse/nflverse-data/releases/download/rosters/roster_2026.csv | https://github.com/nflverse/nflverse-data/releases/download/players/players.csv
,422,Ty Simpson,00-0041568,LAR,QB,371.7,-$12.00,47,4.3,Active,,2026-09-09,https://github.com/nflverse/nflverse-data/releases/download/rosters/roster_2026.csv | https://github.com/nflverse/nflverse-data/releases/download/players/players.csv | https://www.nbcsports.com/fantasy/football/news/draftkings-2026-best-ball-rankings-jahmyr-gibbs-is-your-new-1-01 | https://www.fftoday.com/rankings/26-adp-half-ppr.html | https://www.footballguys.com/adp?season=2026
,423,Riley Leonard,00-0040206,IND,QB,384,-$12.11,48,4.2,Active,,2026-09-09,https://github.com/nflverse/nflverse-data/releases/download/rosters/roster_2026.csv | https://github.com/nflverse/nflverse-data/releases/download/players/players.csv | https://www.nbcsports.com/fantasy/football/news/draftkings-2026-best-ball-rankings-jahmyr-gibbs-is-your-new-1-01 | https://www.footballguys.com/adp?season=2026
,424,Jaylin Lane,00-0040164,WAS,WR,318.3,-$12.16,165,0.87,Active,,2026-09-09,https://github.com/nflverse/nflverse-data/releases/download/rosters/roster_2026.csv | https://github.com/nflverse/nflverse-data/releases/download/players/players.csv | https://www.nbcsports.com/fantasy/football/news/draftkings-2026-best-ball-rankings-jahmyr-gibbs-is-your-new-1-01 | https://www.fftoday.com/rankings/26-adp-half-ppr.html | https://www.footballguys.com/adp?season=2026
,425,John Bates,00-0036628,WAS,TE,323,-$12.35,75,1.94,Active,,2026-09-09,https://github.com/nflverse/nflverse-data/releases/download/rosters/roster_2026.csv | https://github.com/nflverse/nflverse-data/releases/download/players/players.csv | https://www.footballguys.com/adp?season=2026
,426,Isaiah Williams,00-0039451,NYJ,WR,357,-$12.78,166,0.68,Active,,2026-09-09,https://github.com/nflverse/nflverse-data/releases/download/rosters/roster_2026.csv | https://github.com/nflverse/nflverse-data/releases/download/players/players.csv | https://www.nbcsports.com/fantasy/football/news/draftkings-2026-best-ball-rankings-jahmyr-gibbs-is-your-new-1-01 | https://www.fftoday.com/rankings/26-adp-half-ppr.html | https://www.footballguys.com/adp?season=2026
,427,Davis Mills,00-0036898,HOU,QB,411,-$13.04,49,3.6,Active,,2026-09-09,https://github.com/nflverse/nflverse-data/releases/download/rosters/roster_2026.csv | https://github.com/nflverse/nflverse-data/releases/download/players/players.csv | https://www.nbcsports.com/fantasy/football/news/draftkings-2026-best-ball-rankings-jahmyr-gibbs-is-your-new-1-01 | https://www.fftoday.com/rankings/26-adp-half-ppr.html | https://www.footballguys.com/adp?season=2026
,428,Shedeur Sanders,00-0040668,CLE,QB,248,-$13.55,50,3.3,Active,,2026-09-09,https://github.com/nflverse/nflverse-data/releases/download/rosters/roster_2026.csv | https://github.com/nflverse/nflverse-data/releases/download/players/players.csv | https://www.nbcsports.com/fantasy/football/news/draftkings-2026-best-ball-rankings-jahmyr-gibbs-is-your-new-1-01 | https://www.fftoday.com/rankings/26-adp-half-ppr.html | https://www.footballguys.com/adp?season=2026
,429,Joe Milton III,00-0039398,DAL,QB,377,-$13.99,51,3.1,Practice Squad,,2026-09-09,https://github.com/nflverse/nflverse-data/releases/download/rosters/roster_2026.csv | https://github.com/nflverse/nflverse-data/releases/download/players/players.csv | https://www.nbcsports.com/fantasy/football/news/draftkings-2026-best-ball-rankings-jahmyr-gibbs-is-your-new-1-01 | https://www.fftoday.com/rankings/26-adp-half-ppr.html | https://www.footballguys.com/adp?season=2026
,430,Erick All Jr.,00-0039814,CIN,TE,383.7,-$14.09,76,1.6,Active,,2026-09-09,https://github.com/nflverse/nflverse-data/releases/download/rosters/roster_2026.csv | https://github.com/nflverse/nflverse-data/releases/download/players/players.csv | https://www.nbcsports.com/fantasy/football/news/draftkings-2026-best-ball-rankings-jahmyr-gibbs-is-your-new-1-01 | https://www.fftoday.com/rankings/26-adp-half-ppr.html | https://www.footballguys.com/adp?season=2026
,431,Arian Smith,00-0040582,NYJ,WR,325,-$14.20,167,0.23,Active,,2026-09-09,https://github.com/nflverse/nflverse-data/releases/download/rosters/roster_2026.csv | https://github.com/nflverse/nflverse-data/releases/download/players/players.csv | https://www.footballguys.com/adp?season=2026
,432,Taylen Green,00-0041092,CLE,QB,364,-$14.20,52,3,Active,,2026-09-09,https://github.com/nflverse/nflverse-data/releases/download/rosters/roster_2026.csv | https://github.com/nflverse/nflverse-data/releases/download/players/players.csv | https://www.nbcsports.com/fantasy/football/news/draftkings-2026-best-ball-rankings-jahmyr-gibbs-is-your-new-1-01 | https://www.fftoday.com/rankings/26-adp-half-ppr.html
,433,Austin Hooper,00-0032392,ATL,TE,355,-$14.66,77,1.33,Active,,2026-09-09,https://github.com/nflverse/nflverse-data/releases/download/rosters/roster_2026.csv | https://github.com/nflverse/nflverse-data/releases/download/players/players.csv | https://www.fftoday.com/rankings/26-adp-half-ppr.html | https://www.footballguys.com/adp?season=2026
,434,Aidan O'Connell,00-0038579,LV,QB,UD,-$14.69,53,2.7,Active,,,https://github.com/nflverse/nflverse-data/releases/download/rosters/roster_2026.csv | https://github.com/nflverse/nflverse-data/releases/download/players/players.csv
,435,Jalon Daniels,00-0041251,TB,QB,384,-$14.80,54,2.6,Active,,2026-09-09,https://github.com/nflverse/nflverse-data/releases/download/rosters/roster_2026.csv | https://github.com/nflverse/nflverse-data/releases/download/players/players.csv | https://www.nbcsports.com/fantasy/football/news/draftkings-2026-best-ball-rankings-jahmyr-gibbs-is-your-new-1-01 | https://www.fftoday.com/rankings/26-adp-half-ppr.html
,436,Tommy DeVito,00-0038476,NE,QB,415.5,-$14.89,55,2.5,Active,,2026-09-09,https://github.com/nflverse/nflverse-data/releases/download/rosters/roster_2026.csv | https://github.com/nflverse/nflverse-data/releases/download/players/players.csv | https://www.nbcsports.com/fantasy/football/news/draftkings-2026-best-ball-rankings-jahmyr-gibbs-is-your-new-1-01 | https://www.footballguys.com/adp?season=2026
,436,Jarrett Stidham,00-0035264,DEN,QB,394.7,-$14.89,56,2.4,Active,,2026-09-09,https://github.com/nflverse/nflverse-data/releases/download/rosters/roster_2026.csv | https://github.com/nflverse/nflverse-data/releases/download/players/players.csv | https://www.nbcsports.com/fantasy/football/news/draftkings-2026-best-ball-rankings-jahmyr-gibbs-is-your-new-1-01 | https://www.fftoday.com/rankings/26-adp-half-ppr.html | https://www.footballguys.com/adp?season=2026
,438,Sam Howell,00-0037077,DAL,QB,376.3,-$14.98,57,2.3,Active,,2026-09-09,https://github.com/nflverse/nflverse-data/releases/download/rosters/roster_2026.csv | https://github.com/nflverse/nflverse-data/releases/download/players/players.csv | https://www.nbcsports.com/fantasy/football/news/draftkings-2026-best-ball-rankings-jahmyr-gibbs-is-your-new-1-01 | https://www.fftoday.com/rankings/26-adp-half-ppr.html | https://www.footballguys.com/adp?season=2026
,438,Tyson Bagent,00-0038416,CHI,QB,411.3,-$14.98,58,2.1,Active,,2026-09-09,https://github.com/nflverse/nflverse-data/releases/download/rosters/roster_2026.csv | https://github.com/nflverse/nflverse-data/releases/download/players/players.csv | https://www.nbcsports.com/fantasy/football/news/draftkings-2026-best-ball-rankings-jahmyr-gibbs-is-your-new-1-01 | https://www.fftoday.com/rankings/26-adp-half-ppr.html | https://www.footballguys.com/adp?season=2026
,440,Carson Wentz,00-0032950,MIN,QB,364,-$15.72,59,2,Active,,2026-09-09,https://github.com/nflverse/nflverse-data/releases/download/rosters/roster_2026.csv | https://github.com/nflverse/nflverse-data/releases/download/players/players.csv | https://www.nbcsports.com/fantasy/football/news/draftkings-2026-best-ball-rankings-jahmyr-gibbs-is-your-new-1-01 | https://www.fftoday.com/rankings/26-adp-half-ppr.html | https://www.footballguys.com/adp?season=2026
,441,Will Kacmarek,00-0041524,MIA,TE,371,-$16.16,78,1.2,Active,,2026-09-09,https://github.com/nflverse/nflverse-data/releases/download/rosters/roster_2026.csv | https://github.com/nflverse/nflverse-data/releases/download/players/players.csv | https://www.fftoday.com/rankings/26-adp-half-ppr.html
,442,Tyrod Taylor,00-0028118,GB,QB,407,-$16.16,60,1.8,Active,,2026-09-09,https://github.com/nflverse/nflverse-data/releases/download/rosters/roster_2026.csv | https://github.com/nflverse/nflverse-data/releases/download/players/players.csv | https://www.nbcsports.com/fantasy/football/news/draftkings-2026-best-ball-rankings-jahmyr-gibbs-is-your-new-1-01 | https://www.fftoday.com/rankings/26-adp-half-ppr.html | https://www.footballguys.com/adp?season=2026
,443,Gardner Minshew,00-0035289,ARI,QB,423.5,-$16.50,61,1.7,Active,,2026-09-09,https://github.com/nflverse/nflverse-data/releases/download/rosters/roster_2026.csv | https://github.com/nflverse/nflverse-data/releases/download/players/players.csv | https://www.nbcsports.com/fantasy/football/news/draftkings-2026-best-ball-rankings-jahmyr-gibbs-is-your-new-1-01 | https://www.footballguys.com/adp?season=2026
,444,Brenen Thompson,00-0041550,LAC,WR,367,-$16.68,168,0.2,Active,,2026-09-09,https://github.com/nflverse/nflverse-data/releases/download/rosters/roster_2026.csv | https://github.com/nflverse/nflverse-data/releases/download/players/players.csv | https://www.nbcsports.com/fantasy/football/news/draftkings-2026-best-ball-rankings-jahmyr-gibbs-is-your-new-1-01 | https://www.fftoday.com/rankings/26-adp-half-ppr.html | https://www.footballguys.com/adp?season=2026
,445,Sione Vaki,00-0039364,DET,RB,322,-$17.91,138,0,Active,,2026-09-09,https://github.com/nflverse/nflverse-data/releases/download/rosters/roster_2026.csv | https://github.com/nflverse/nflverse-data/releases/download/players/players.csv | https://www.nbcsports.com/fantasy/football/news/draftkings-2026-best-ball-rankings-jahmyr-gibbs-is-your-new-1-01 | https://www.fftoday.com/rankings/26-adp-half-ppr.html | https://www.footballguys.com/adp?season=2026
,445,Drew Allar,00-0041565,PIT,QB,UD,-$17.91,62,1.6,Active,,,https://github.com/nflverse/nflverse-data/releases/download/rosters/roster_2026.csv | https://github.com/nflverse/nflverse-data/releases/download/players/players.csv
,445,Josh Dobbs,00-0033949,DET,QB,UD,-$17.91,63,1.5,Active,,,https://github.com/nflverse/nflverse-data/releases/download/rosters/roster_2026.csv | https://github.com/nflverse/nflverse-data/releases/download/players/players.csv
,445,Stetson Bennett,00-0039107,LAR,QB,380.3,-$17.91,64,1.5,Active,,2026-09-09,https://github.com/nflverse/nflverse-data/releases/download/rosters/roster_2026.csv | https://github.com/nflverse/nflverse-data/releases/download/players/players.csv | https://www.nbcsports.com/fantasy/football/news/draftkings-2026-best-ball-rankings-jahmyr-gibbs-is-your-new-1-01 | https://www.fftoday.com/rankings/26-adp-half-ppr.html | https://www.footballguys.com/adp?season=2026
,445,Will Howard,00-0040203,PIT,QB,397,-$17.91,65,1.4,Active,,2026-09-09,https://github.com/nflverse/nflverse-data/releases/download/rosters/roster_2026.csv | https://github.com/nflverse/nflverse-data/releases/download/players/players.csv | https://www.nbcsports.com/fantasy/football/news/draftkings-2026-best-ball-rankings-jahmyr-gibbs-is-your-new-1-01 | https://www.footballguys.com/adp?season=2026
,445,Tutu Atwell,00-0036849,LAR,WR,363,-$17.91,169,0.15,Active,,2026-09-09,https://github.com/nflverse/nflverse-data/releases/download/rosters/roster_2026.csv | https://github.com/nflverse/nflverse-data/releases/download/players/players.csv | https://www.nbcsports.com/fantasy/football/news/draftkings-2026-best-ball-rankings-jahmyr-gibbs-is-your-new-1-01 | https://www.fftoday.com/rankings/26-adp-half-ppr.html | https://www.footballguys.com/adp?season=2026
,445,Dohnte Meyers,00-0040785,CIN,WR,269,-$17.91,170,0.14,Active,,2026-09-09,https://github.com/nflverse/nflverse-data/releases/download/rosters/roster_2026.csv | https://github.com/nflverse/nflverse-data/releases/download/players/players.csv | https://www.nbcsports.com/fantasy/football/news/draftkings-2026-best-ball-rankings-jahmyr-gibbs-is-your-new-1-01 | https://www.footballguys.com/adp?season=2026
,445,Jacob Cowing,00-0039365,SF,WR,354,-$17.91,171,0.12,Active,,2026-09-09,https://github.com/nflverse/nflverse-data/releases/download/rosters/roster_2026.csv | https://github.com/nflverse/nflverse-data/releases/download/players/players.csv | https://www.nbcsports.com/fantasy/football/news/draftkings-2026-best-ball-rankings-jahmyr-gibbs-is-your-new-1-01 | https://www.fftoday.com/rankings/26-adp-half-ppr.html | https://www.footballguys.com/adp?season=2026
,445,Thomas Fidone II,00-0040225,NYG,TE,UD,-$17.91,79,1,Active,,,https://github.com/nflverse/nflverse-data/releases/download/rosters/roster_2026.csv | https://github.com/nflverse/nflverse-data/releases/download/players/players.csv
,445,Jack Endries,00-0041116,CIN,TE,439,-$17.91,80,1,Active,,2026-09-09,https://github.com/nflverse/nflverse-data/releases/download/rosters/roster_2026.csv | https://github.com/nflverse/nflverse-data/releases/download/players/players.csv | https://www.nbcsports.com/fantasy/football/news/draftkings-2026-best-ball-rankings-jahmyr-gibbs-is-your-new-1-01
,445,Bauer Sharp,00-0041094,TB,TE,UD,-$17.91,81,1,Active,,,https://github.com/nflverse/nflverse-data/releases/download/rosters/roster_2026.csv | https://github.com/nflverse/nflverse-data/releases/download/players/players.csv
,445,Robert Tonyan,00-0033757,PIT,TE,345,-$17.91,82,1,Active,,2026-09-09,https://github.com/nflverse/nflverse-data/releases/download/rosters/roster_2026.csv | https://github.com/nflverse/nflverse-data/releases/download/players/players.csv | https://www.nbcsports.com/fantasy/football/news/draftkings-2026-best-ball-rankings-jahmyr-gibbs-is-your-new-1-01 | https://www.footballguys.com/adp?season=2026
,457,Marlin Klein,00-0041472,HOU,TE,398,-$18.43,83,1,Active,,2026-09-09,https://github.com/nflverse/nflverse-data/releases/download/rosters/roster_2026.csv | https://github.com/nflverse/nflverse-data/releases/download/players/players.csv | https://www.nbcsports.com/fantasy/football/news/draftkings-2026-best-ball-rankings-jahmyr-gibbs-is-your-new-1-01 | https://www.fftoday.com/rankings/26-adp-half-ppr.html
,458,Sam Roush,00-0041558,CHI,TE,338.3,-$18.51,84,1,Active,,2026-09-09,https://github.com/nflverse/nflverse-data/releases/download/rosters/roster_2026.csv | https://github.com/nflverse/nflverse-data/releases/download/players/players.csv | https://www.nbcsports.com/fantasy/football/news/draftkings-2026-best-ball-rankings-jahmyr-gibbs-is-your-new-1-01 | https://www.fftoday.com/rankings/26-adp-half-ppr.html | https://www.footballguys.com/adp?season=2026
,459,Nate Boerkircher,00-0041503,JAC,TE,390,-$18.60,85,1,Active,,2026-09-09,https://github.com/nflverse/nflverse-data/releases/download/rosters/roster_2026.csv | https://github.com/nflverse/nflverse-data/releases/download/players/players.csv | https://www.nbcsports.com/fantasy/football/news/draftkings-2026-best-ball-rankings-jahmyr-gibbs-is-your-new-1-01 | https://www.fftoday.com/rankings/26-adp-half-ppr.html
,459,Oscar Delp,00-0041041,NO,TE,408,-$18.60,86,1,Active,,2026-09-09,https://github.com/nflverse/nflverse-data/releases/download/rosters/roster_2026.csv | https://github.com/nflverse/nflverse-data/releases/download/players/players.csv | https://www.nbcsports.com/fantasy/football/news/draftkings-2026-best-ball-rankings-jahmyr-gibbs-is-your-new-1-01 | https://www.fftoday.com/rankings/26-adp-half-ppr.html | https://www.footballguys.com/adp?season=2026
,461,Jake Browning,00-0035100,FA,QB,408,-$18.62,66,0.3,Free Agent,,2026-09-09,https://github.com/nflverse/nflverse-data/releases/download/rosters/roster_2026.csv | https://github.com/nflverse/nflverse-data/releases/download/players/players.csv | https://www.footballguys.com/adp?season=2026
,462,Behren Morton,00-0041123,NE,QB,UD,-$18.69,67,0.2,Active,,,https://github.com/nflverse/nflverse-data/releases/download/rosters/roster_2026.csv | https://github.com/nflverse/nflverse-data/releases/download/players/players.csv
,463,Cole Payton,00-0040891,PHI,QB,UD,-$18.78,68,0.1,Active,,,https://github.com/nflverse/nflverse-data/releases/download/rosters/roster_2026.csv | https://github.com/nflverse/nflverse-data/releases/download/players/players.csv
,464,Josh Johnson,00-0026300,CIN,QB,UD,-$18.86,69,0.1,Practice Squad,,,https://github.com/nflverse/nflverse-data/releases/download/rosters/roster_2026.csv | https://github.com/nflverse/nflverse-data/releases/download/players/players.csv
,465,Garrett Nussmeier,00-0040906,KC,QB,315,-$18.86,70,0.1,Active,,2026-09-09,https://github.com/nflverse/nflverse-data/releases/download/rosters/roster_2026.csv | https://github.com/nflverse/nflverse-data/releases/download/players/players.csv | https://www.footballguys.com/adp?season=2026
,466,Quinn Ewers,00-0040234,JAC,QB,415.5,-$19.10,71,0,Active,,2026-09-09,https://github.com/nflverse/nflverse-data/releases/download/rosters/roster_2026.csv | https://github.com/nflverse/nflverse-data/releases/download/players/players.csv | https://www.nbcsports.com/fantasy/football/news/draftkings-2026-best-ball-rankings-jahmyr-gibbs-is-your-new-1-01 | https://www.footballguys.com/adp?season=2026
,467,Clayton Tune,00-0038582,FA,QB,UD,-$19.78,72,0,Free Agent,,,https://github.com/nflverse/nflverse-data/releases/download/rosters/roster_2026.csv | https://github.com/nflverse/nflverse-data/releases/download/players/players.csv
,468,Kenny Pickett,00-0038102,CAR,QB,374.7,-$19.86,73,0,Active,,2026-09-09,https://github.com/nflverse/nflverse-data/releases/download/rosters/roster_2026.csv | https://github.com/nflverse/nflverse-data/releases/download/players/players.csv | https://www.nbcsports.com/fantasy/football/news/draftkings-2026-best-ball-rankings-jahmyr-gibbs-is-your-new-1-01 | https://www.fftoday.com/rankings/26-adp-half-ppr.html | https://www.footballguys.com/adp?season=2026
,469,Tanner McKee,00-0038400,PHI,QB,392,-$20.29,74,0,Active,,2026-09-09,https://github.com/nflverse/nflverse-data/releases/download/rosters/roster_2026.csv | https://github.com/nflverse/nflverse-data/releases/download/players/players.csv | https://www.nbcsports.com/fantasy/football/news/draftkings-2026-best-ball-rankings-jahmyr-gibbs-is-your-new-1-01 | https://www.footballguys.com/adp?season=2026
,470,Trey Lance,00-0037012,LAC,QB,399,-$20.33,75,0,Active,,2026-09-09,https://github.com/nflverse/nflverse-data/releases/download/rosters/roster_2026.csv | https://github.com/nflverse/nflverse-data/releases/download/players/players.csv | https://www.nbcsports.com/fantasy/football/news/draftkings-2026-best-ball-rankings-jahmyr-gibbs-is-your-new-1-01 | https://www.fftoday.com/rankings/26-adp-half-ppr.html | https://www.footballguys.com/adp?season=2026
,471,Chris Oladokun,00-0037324,KC,QB,UD,-$20.71,76,0,Reserve,,,https://github.com/nflverse/nflverse-data/releases/download/rosters/roster_2026.csv | https://github.com/nflverse/nflverse-data/releases/download/players/players.csv
,472,Andy Dalton,00-0027973,PHI,QB,377,-$20.86,77,0,Active,,2026-09-09,https://github.com/nflverse/nflverse-data/releases/download/rosters/roster_2026.csv | https://github.com/nflverse/nflverse-data/releases/download/players/players.csv | https://www.nbcsports.com/fantasy/football/news/draftkings-2026-best-ball-rankings-jahmyr-gibbs-is-your-new-1-01 | https://www.footballguys.com/adp?season=2026
,473,Dillon Gabriel,00-0040704,CLE,QB,282,-$21.79,78,0,Reserve,,2026-09-09,https://github.com/nflverse/nflverse-data/releases/download/rosters/roster_2026.csv | https://github.com/nflverse/nflverse-data/releases/download/players/players.csv | https://www.footballguys.com/adp?season=2026
,474,Cooper Rush,00-0033662,ATL,QB,295,-$23.49,79,0,Active,,2026-09-09,https://github.com/nflverse/nflverse-data/releases/download/rosters/roster_2026.csv | https://github.com/nflverse/nflverse-data/releases/download/players/players.csv | https://www.footballguys.com/adp?season=2026
,475,Mitchell Trubisky,00-0033869,TEN,QB,373,-$25.08,80,0,Active,,2026-09-09,https://github.com/nflverse/nflverse-data/releases/download/rosters/roster_2026.csv | https://github.com/nflverse/nflverse-data/releases/download/players/players.csv | https://www.footballguys.com/adp?season=2026
,476,Max Brosmer,00-0040494,MIN,QB,UD,-$27.08,81,0,Practice Squad,,,https://github.com/nflverse/nflverse-data/releases/download/rosters/roster_2026.csv | https://github.com/nflverse/nflverse-data/releases/download/players/players.csv
,477,Brady Cook,00-0040398,MIA,QB,UD,-$28.08,82,0,Active,,,https://github.com/nflverse/nflverse-data/releases/download/rosters/roster_2026.csv | https://github.com/nflverse/nflverse-data/releases/download/players/players.csv
,478,Brandon Allen,00-0032434,FA,QB,UD,-$30.37,83,0,Free Agent,,,https://github.com/nflverse/nflverse-data/releases/download/rosters/roster_2026.csv | https://github.com/nflverse/nflverse-data/releases/download/players/players.csv